# Blender 5.2.0 LTS
# www.blender.org
mtllib SM_Log.mtl
o SM_Log
v -1.209412 0.116512 -0.047463
v -1.216369 0.125725 -0.000478
v -1.192939 0.125671 -0.000478
v 1.226309 -0.078505 -0.087295
v 1.214899 -0.078777 -0.087295
v 1.213934 -0.039589 -0.113910
v -1.034716 0.004470 -0.131373
v -1.210390 0.004881 -0.131373
v -1.210509 -0.044415 -0.121409
v -1.034716 0.004470 -0.131373
v -1.030370 0.053756 -0.121409
v -1.204525 0.054164 -0.121409
v -1.300802 0.096181 0.092079
v -1.198843 0.054488 0.120750
v -1.300874 0.066494 0.112236
v -1.034835 -0.044826 -0.121409
v -1.210509 -0.044415 -0.121409
v -1.204864 -0.086220 -0.093034
v -1.054894 -0.114495 -0.050569
v -1.030709 -0.086628 -0.093034
v -1.204864 -0.086220 -0.093034
v -1.041347 0.128999 0.051049
v -1.035027 0.101060 0.093514
v -1.300802 0.096181 0.092079
v -1.054894 -0.114495 -0.050569
v -1.230904 -0.114083 -0.050569
v -1.230928 -0.123889 -0.000478
v -1.041347 0.128999 0.051049
v -1.307614 0.124122 0.049614
v -1.216350 0.133714 -0.000478
v -1.053285 -0.124305 -0.000478
v -1.230928 -0.123889 -0.000478
v -1.204932 -0.114144 0.049614
v -1.040404 0.133302 -0.000478
v -1.216350 0.133714 -0.000478
v -1.209394 0.123892 -0.050569
v -1.030709 -0.086628 0.092079
v -1.029144 -0.114556 0.049614
v -1.204932 -0.114144 0.049614
v -1.033993 0.095557 -0.093034
v -1.033926 0.123481 -0.050569
v -1.209394 0.123892 -0.050569
v -1.030709 -0.086628 0.092079
v -1.204864 -0.086220 0.092079
v -1.204763 -0.044428 0.120454
v -1.033993 0.095557 -0.093034
v -1.209461 0.095967 -0.093034
v -1.204525 0.054164 -0.121409
v -1.025678 0.010744 0.135938
v -1.025810 -0.044053 0.124539
v -1.204763 -0.044428 0.120454
v 1.240863 -0.038946 -0.113910
v 1.239724 0.007280 -0.123256
v 1.239724 0.007280 -0.131373
v 1.240863 -0.038946 -0.113910
v 1.240938 -0.042002 -0.121409
v 1.226448 -0.084152 -0.093034
v 1.226954 -0.104690 -0.047463
v 1.226309 -0.078505 -0.087295
v 1.226448 -0.084152 -0.093034
v 1.226954 -0.104690 -0.047463
v 1.227136 -0.112068 -0.050569
v 1.250228 -0.121325 -0.000478
v 1.250031 -0.113339 -0.000478
v 1.250228 -0.121325 -0.000478
v 1.249987 -0.111522 0.049614
v 1.249805 -0.104144 0.046508
v 1.249987 -0.111522 0.049614
v 1.226448 -0.084152 0.092079
v 1.253360 -0.038648 0.112955
v 1.226309 -0.078505 0.086340
v 1.226448 -0.084152 0.092079
v 1.252221 0.007578 0.122301
v 1.253360 -0.038648 0.112955
v 1.253435 -0.041704 0.120454
v 1.252221 0.007578 0.122301
v 1.252221 0.007578 0.130418
v 1.251006 0.056860 0.120454
v 1.222100 0.092324 0.086340
v 1.251082 0.053804 0.112955
v 1.251006 0.056860 0.120454
v 1.221455 0.118509 0.046508
v 1.222100 0.092324 0.086340
v 1.221961 0.097971 0.092079
v 1.221455 0.118509 0.046508
v 1.221273 0.125887 0.049614
v 1.234087 0.136001 -0.000478
v 1.234796 0.118827 -0.047463
v 1.234284 0.128015 -0.000478
v 1.234087 0.136001 -0.000478
v 1.234796 0.118827 -0.047463
v 1.234614 0.126205 -0.050569
v 1.235302 0.098289 -0.093034
v 1.223066 0.053136 -0.113910
v 1.235441 0.092642 -0.087295
v 1.235302 0.098289 -0.093034
v 1.239724 0.007280 -0.123256
v 1.223066 0.053136 -0.113910
v 1.222991 0.056192 -0.121409
v -1.210390 0.004881 -0.123256
v -1.210502 -0.041358 -0.113910
v -1.210509 -0.044415 -0.121409
v -1.210502 -0.041358 -0.113910
v -1.204850 -0.080571 -0.087295
v -1.204864 -0.086220 -0.093034
v -1.204850 -0.080571 -0.087295
v -1.230886 -0.106703 -0.047463
v -1.230904 -0.114083 -0.050569
v -1.230886 -0.106703 -0.047463
v -1.230909 -0.115901 -0.000478
v -1.230928 -0.123889 -0.000478
v -1.204914 -0.106764 0.046508
v -1.204932 -0.114144 0.049614
v -1.230928 -0.123889 -0.000478
v -1.204914 -0.106764 0.046508
v -1.204850 -0.080571 0.086340
v -1.204864 -0.086220 0.092079
v -1.204756 -0.041372 0.112955
v -1.204763 -0.044428 0.120454
v -1.204864 -0.086220 0.092079
v -1.295885 0.005082 0.122301
v -1.295885 0.005082 0.130418
v -1.204763 -0.044428 0.120454
v -1.300882 0.063437 0.104737
v -1.193024 0.090280 0.086340
v -1.300816 0.090533 0.086340
v -1.198843 0.054488 0.120750
v -1.295885 0.005082 0.130418
v -1.275360 0.043609 0.122708
v -1.307632 0.116742 0.046508
v -1.307614 0.124122 0.049614
v -1.300802 0.096181 0.092079
v -1.307632 0.116742 0.046508
v -1.216369 0.125725 -0.000478
v -1.216350 0.133714 -0.000478
v -1.209412 0.116512 -0.047463
v -1.209394 0.123892 -0.050569
v -1.216350 0.133714 -0.000478
v -1.209412 0.116512 -0.047463
v -1.209475 0.090319 -0.087295
v -1.209461 0.095967 -0.093034
v -1.209475 0.090319 -0.087295
v -1.204532 0.051107 -0.113910
v -1.204525 0.054164 -0.121409
v -1.210390 0.004881 -0.123256
v -1.210390 0.004881 -0.131373
v -1.204525 0.054164 -0.121409
v 1.212710 0.010075 -0.008913
v 1.212795 0.006637 -0.009608
v 1.213003 0.012846 0.004702
v 1.212939 0.015477 -0.001755
v 1.212955 0.014794 -0.005249
v 1.212951 0.000286 -0.006934
v 1.212999 -0.001662 -0.003972
v 1.212955 0.014794 0.001739
v 1.212880 0.003200 0.007958
v 1.212795 0.006637 0.008653
v 1.212880 0.003200 -0.008913
v 1.213016 -0.002345 -0.000478
v 1.212999 -0.001662 0.003017
v 1.212951 0.000286 0.005979
v 1.213003 0.012846 -0.008211
v 1.212710 0.010075 0.007958
v -1.193210 0.013143 0.003017
v -1.193246 -0.001513 0.005979
v -1.193251 -0.003460 0.003017
v -1.193252 -0.004144 -0.000478
v -1.193209 0.013827 -0.000478
v -1.193215 0.011195 0.005979
v -1.193246 -0.001513 -0.006934
v -1.193239 0.001403 -0.008913
v -1.193223 0.008280 -0.008913
v -1.193215 0.011195 -0.006934
v -1.193231 0.004841 -0.009608
v -1.193251 -0.003460 -0.003972
v -1.193210 0.013143 -0.003972
v -1.193223 0.008280 0.007958
v -1.193239 0.001403 0.007958
v -1.193231 0.004841 0.008653
v 1.223066 0.053136 -0.113910
v 1.239724 0.007280 -0.123256
v 1.212795 0.006637 -0.123256
v 1.226309 -0.078505 -0.087295
v 1.226954 -0.104690 -0.047463
v 1.215545 -0.104962 -0.047463
v -1.209412 0.116512 -0.047463
v -1.192961 0.116473 -0.047463
v -1.193024 0.090280 -0.087295
v -1.210502 -0.041358 -0.113910
v -1.210390 0.004881 -0.123256
v -1.193231 0.004841 -0.123256
v 1.226954 -0.104690 -0.047463
v 1.250031 -0.113339 -0.000478
v 1.215771 -0.114157 -0.000478
v -1.204532 0.051107 -0.113910
v -1.209475 0.090319 -0.087295
v -1.193024 0.090280 -0.087295
v -1.204850 -0.080571 -0.087295
v -1.210502 -0.041358 -0.113910
v -1.193916 -0.041760 -0.114691
v 1.249805 -0.104144 0.046508
v 1.215545 -0.104962 0.046508
v 1.215771 -0.114157 -0.000478
v -1.204532 0.051107 -0.113910
v -1.193119 0.051081 -0.113910
v -1.193231 0.004841 -0.123256
v -1.204850 -0.080571 -0.087295
v -1.194011 -0.080960 -0.088076
v -1.193501 -0.106791 -0.047463
v 1.226309 -0.078505 0.086340
v 1.214899 -0.078777 0.086340
v 1.215545 -0.104962 0.046508
v -1.230909 -0.115901 -0.000478
v -1.230886 -0.106703 -0.047463
v -1.193501 -0.106791 -0.047463
v 1.226309 -0.078505 0.086340
v 1.253360 -0.038648 0.112955
v 1.213934 -0.039589 0.112955
v -1.204914 -0.106764 0.046508
v -1.230909 -0.115901 -0.000478
v -1.193523 -0.115988 -0.000478
v 1.253360 -0.038648 0.112955
v 1.252221 0.007578 0.122301
v 1.212795 0.006637 0.122301
v -1.204914 -0.106764 0.046508
v -1.193501 -0.106791 0.046508
v -1.193437 -0.080598 0.086340
v 1.252221 0.007578 0.122301
v 1.251082 0.053804 0.112955
v 1.211656 0.052863 0.112955
v -1.204850 -0.080571 0.086340
v -1.193437 -0.080598 0.086340
v -1.193343 -0.041398 0.112955
v 1.222100 0.092324 0.086340
v 1.210690 0.092052 0.086340
v 1.211656 0.052863 0.112955
v -1.204756 -0.041372 0.112955
v -1.193343 -0.041398 0.112955
v -1.193231 0.004841 0.122301
v 1.221455 0.118509 0.046508
v 1.210045 0.118237 0.046508
v 1.210690 0.092052 0.086340
v -1.275293 0.040479 0.115136
v -1.275360 0.043609 0.122708
v -1.295885 0.005082 0.130418
v 1.221455 0.118509 0.046508
v 1.234284 0.128015 -0.000478
v 1.209819 0.127432 -0.000478
v -1.300882 0.063437 0.104737
v -1.300816 0.090533 0.086340
v -1.300802 0.096181 0.092079
v 1.234284 0.128015 -0.000478
v 1.234796 0.118827 -0.047463
v 1.210045 0.118237 -0.047463
v -1.300816 0.090533 0.086340
v -1.193024 0.090280 0.086340
v -1.192961 0.116473 0.046508
v 1.234796 0.118827 -0.047463
v 1.235441 0.092642 -0.087295
v 1.210690 0.092052 -0.087295
v 1.239724 0.007280 -0.123256
v 1.240863 -0.038946 -0.113910
v 1.213934 -0.039589 -0.113910
v -1.216369 0.125725 -0.000478
v -1.307632 0.116742 0.046508
v -1.192961 0.116473 0.046508
v 1.223066 0.053136 -0.113910
v 1.211656 0.052863 -0.113910
v 1.210690 0.092052 -0.087295
v 1.212795 0.006637 -0.111525
v 1.213934 -0.039589 -0.113910
v 1.213825 -0.035172 -0.103072
v 1.212795 0.006637 -0.123256
v 1.214899 -0.078777 -0.087295
v 1.213825 -0.035172 -0.103072
v 1.213934 -0.039589 -0.113910
v 1.214698 -0.070616 -0.079000
v 1.215545 -0.104962 -0.047463
v 1.214698 -0.070616 -0.079000
v 1.214899 -0.078777 -0.087295
v 1.215282 -0.094299 -0.042973
v 1.215771 -0.114157 -0.000478
v 1.215282 -0.094299 -0.042973
v 1.215545 -0.104962 -0.047463
v 1.215487 -0.102615 -0.000478
v 1.215282 -0.094299 0.042018
v 1.215487 -0.102615 -0.000478
v 1.215771 -0.114157 -0.000478
v 1.215545 -0.104962 0.046508
v 1.214698 -0.070616 0.078045
v 1.215282 -0.094299 0.042018
v 1.215545 -0.104962 0.046508
v 1.214899 -0.078777 0.086340
v 1.214899 -0.078777 0.086340
v 1.213934 -0.039589 0.112955
v 1.213825 -0.035172 0.102117
v 1.214698 -0.070616 0.078045
v 1.213934 -0.039589 0.112955
v 1.212795 0.006637 0.122301
v 1.212795 0.006637 0.110570
v 1.213825 -0.035172 0.102117
v 1.211656 0.052863 0.112955
v 1.212795 0.006637 0.110570
v 1.212795 0.006637 0.122301
v 1.211765 0.048447 0.102117
v 1.210690 0.092052 0.086340
v 1.210891 0.083891 0.078045
v 1.211765 0.048447 0.102117
v 1.211656 0.052863 0.112955
v 1.210045 0.118237 0.046508
v 1.210308 0.107574 0.042018
v 1.210891 0.083891 0.078045
v 1.210690 0.092052 0.086340
v 1.209819 0.127432 -0.000478
v 1.210308 0.107574 0.042018
v 1.210045 0.118237 0.046508
v 1.210103 0.115890 -0.000478
v 1.209819 0.127432 -0.000478
v 1.210045 0.118237 -0.047463
v 1.210308 0.107574 -0.042973
v 1.210103 0.115890 -0.000478
v 1.210045 0.118237 -0.047463
v 1.210690 0.092052 -0.087295
v 1.210891 0.083891 -0.079000
v 1.210308 0.107574 -0.042973
v 1.210690 0.092052 -0.087295
v 1.211656 0.052863 -0.113910
v 1.211765 0.048447 -0.103072
v 1.210891 0.083891 -0.079000
v 1.212795 0.006637 -0.111525
v 1.211765 0.048447 -0.103072
v 1.211656 0.052863 -0.113910
v 1.212795 0.006637 -0.123256
v -1.193231 0.004841 -0.123256
v -1.193231 0.004841 -0.111525
v -1.193905 -0.037342 -0.103853
v -1.193916 -0.041760 -0.114691
v -1.194011 -0.080960 -0.088076
v -1.193916 -0.041760 -0.114691
v -1.193905 -0.037342 -0.103853
v -1.193991 -0.072797 -0.079781
v -1.194011 -0.080960 -0.088076
v -1.194048 -0.096487 -0.043754
v -1.193501 -0.106791 -0.047463
v -1.193991 -0.072797 -0.079781
v -1.193501 -0.106791 -0.047463
v -1.193495 -0.104443 -0.000478
v -1.193523 -0.115988 -0.000478
v -1.194048 -0.096487 -0.043754
v -1.193523 -0.115988 -0.000478
v -1.193475 -0.096125 0.042018
v -1.193501 -0.106791 0.046508
v -1.193495 -0.104443 -0.000478
v -1.193501 -0.106791 0.046508
v -1.193475 -0.096125 0.042018
v -1.193418 -0.072435 0.078045
v -1.193437 -0.080598 0.086340
v -1.193437 -0.080598 0.086340
v -1.193418 -0.072435 0.078045
v -1.193332 -0.036980 0.102117
v -1.193343 -0.041398 0.112955
v -1.193343 -0.041398 0.112955
v -1.193231 0.004841 0.110570
v -1.193231 0.004841 0.122301
v -1.193332 -0.036980 0.102117
v -1.193119 0.051081 0.112955
v -1.193231 0.004841 0.122301
v -1.193231 0.004841 0.110570
v -1.193130 0.046663 0.102117
v -1.193024 0.090280 0.086340
v -1.193119 0.051081 0.112955
v -1.193130 0.046663 0.102117
v -1.193044 0.082117 0.078045
v -1.193044 0.082117 0.078045
v -1.192986 0.105807 0.042018
v -1.192961 0.116473 0.046508
v -1.193024 0.090280 0.086340
v -1.192986 0.105807 0.042018
v -1.193913 0.115777 -0.001100
v -1.192939 0.125671 -0.000478
v -1.192961 0.116473 0.046508
v -1.192961 0.116473 -0.047463
v -1.192939 0.125671 -0.000478
v -1.193913 0.115777 -0.001100
v -1.193933 0.107458 -0.043596
v -1.193024 0.090280 -0.087295
v -1.192961 0.116473 -0.047463
v -1.193933 0.107458 -0.043596
v -1.193044 0.082117 -0.079000
v -1.193024 0.090280 -0.087295
v -1.193130 0.046663 -0.103072
v -1.193119 0.051081 -0.113910
v -1.193044 0.082117 -0.079000
v -1.193231 0.004841 -0.111525
v -1.193119 0.051081 -0.113910
v -1.193130 0.046663 -0.103072
v -1.193231 0.004841 -0.123256
v 1.212795 0.006637 -0.100201
v 1.213825 -0.035172 -0.103072
v 1.213720 -0.030908 -0.092610
v 1.212795 0.006637 -0.111525
v 1.214698 -0.070616 -0.079000
v 1.213720 -0.030908 -0.092610
v 1.213825 -0.035172 -0.103072
v 1.214504 -0.062738 -0.070992
v 1.215282 -0.094299 -0.042973
v 1.214504 -0.062738 -0.070992
v 1.214698 -0.070616 -0.079000
v 1.215028 -0.084006 -0.038640
v 1.215487 -0.102615 -0.000478
v 1.215028 -0.084006 -0.038640
v 1.215282 -0.094299 -0.042973
v 1.215212 -0.091474 -0.000478
v 1.215028 -0.084006 0.037685
v 1.215212 -0.091474 -0.000478
v 1.215487 -0.102615 -0.000478
v 1.215282 -0.094299 0.042018
v 1.214504 -0.062738 0.070037
v 1.215028 -0.084006 0.037685
v 1.215282 -0.094299 0.042018
v 1.214698 -0.070616 0.078045
v 1.214698 -0.070616 0.078045
v 1.213825 -0.035172 0.102117
v 1.213720 -0.030908 0.091655
v 1.214504 -0.062738 0.070037
v 1.212795 0.006637 0.110570
v 1.213720 -0.030908 0.091655
v 1.213825 -0.035172 0.102117
v 1.212768 0.007709 0.099659
v 1.211765 0.048447 0.102117
v 1.212768 0.007709 0.099659
v 1.212795 0.006637 0.110570
v 1.211843 0.045255 0.092068
v 1.210891 0.083891 0.078045
v 1.211086 0.076013 0.070037
v 1.211843 0.045255 0.092068
v 1.211765 0.048447 0.102117
v 1.210308 0.107574 0.042018
v 1.211267 0.098097 0.035549
v 1.211086 0.076013 0.070037
v 1.210891 0.083891 0.078045
v 1.210103 0.115890 -0.000478
v 1.211267 0.098097 0.035549
v 1.210308 0.107574 0.042018
v 1.211083 0.105565 -0.002614
v 1.210308 0.107574 -0.042973
v 1.211083 0.105565 -0.002614
v 1.210103 0.115890 -0.000478
v 1.210562 0.097281 -0.038640
v 1.210308 0.107574 -0.042973
v 1.210891 0.083891 -0.079000
v 1.211086 0.076013 -0.070992
v 1.210562 0.097281 -0.038640
v 1.210891 0.083891 -0.079000
v 1.211765 0.048447 -0.103072
v 1.211870 0.044183 -0.092610
v 1.211086 0.076013 -0.070992
v 1.212795 0.006637 -0.100201
v 1.211870 0.044183 -0.092610
v 1.211765 0.048447 -0.103072
v 1.212795 0.006637 -0.111525
v -1.193231 0.004841 -0.111525
v -1.193839 0.005902 -0.100601
v -1.193895 -0.033078 -0.093391
v -1.193905 -0.037342 -0.103853
v -1.193991 -0.072797 -0.079781
v -1.193905 -0.037342 -0.103853
v -1.193895 -0.033078 -0.093391
v -1.193972 -0.064917 -0.071773
v -1.193991 -0.072797 -0.079781
v -1.195125 -0.086098 -0.040732
v -1.194048 -0.096487 -0.043754
v -1.193972 -0.064917 -0.071773
v -1.194048 -0.096487 -0.043754
v -1.195631 -0.093117 -0.003049
v -1.193495 -0.104443 -0.000478
v -1.195125 -0.086098 -0.040732
v -1.193495 -0.104443 -0.000478
v -1.194510 -0.085739 0.036424
v -1.193475 -0.096125 0.042018
v -1.195631 -0.093117 -0.003049
v -1.193475 -0.096125 0.042018
v -1.194510 -0.085739 0.036424
v -1.194643 -0.064450 0.068558
v -1.193418 -0.072435 0.078045
v -1.193418 -0.072435 0.078045
v -1.194643 -0.064450 0.068558
v -1.194566 -0.032611 0.090175
v -1.193332 -0.036980 0.102117
v -1.193231 0.004841 0.110570
v -1.193332 -0.036980 0.102117
v -1.194566 -0.032611 0.090175
v -1.194125 0.006614 0.098721
v -1.193130 0.046663 0.102117
v -1.193231 0.004841 0.110570
v -1.194125 0.006614 0.098721
v -1.194034 0.044171 0.091130
v -1.193044 0.082117 0.078045
v -1.193130 0.046663 0.102117
v -1.194034 0.044171 0.091130
v -1.193063 0.074237 0.070037
v -1.193063 0.074237 0.070037
v -1.193012 0.095511 0.037685
v -1.192986 0.105807 0.042018
v -1.193044 0.082117 0.078045
v -1.192986 0.105807 0.042018
v -1.193012 0.095511 0.037685
v -1.193940 0.104633 -0.001100
v -1.193913 0.115777 -0.001100
v -1.193913 0.115777 -0.001100
v -1.193958 0.097162 -0.039263
v -1.193933 0.107458 -0.043596
v -1.193940 0.104633 -0.001100
v -1.193044 0.082117 -0.079000
v -1.193933 0.107458 -0.043596
v -1.193958 0.097162 -0.039263
v -1.193063 0.074237 -0.070992
v -1.193044 0.082117 -0.079000
v -1.193748 0.043459 -0.093010
v -1.193130 0.046663 -0.103072
v -1.193063 0.074237 -0.070992
v -1.193839 0.005902 -0.100601
v -1.193130 0.046663 -0.103072
v -1.193748 0.043459 -0.093010
v -1.193231 0.004841 -0.111525
v 1.213959 -0.025673 -0.083014
v 1.213138 0.007609 -0.089743
v 1.212795 0.006637 -0.100201
v 1.213720 -0.030908 -0.092610
v 1.213720 -0.030908 -0.092610
v 1.214504 -0.062738 -0.070992
v 1.214823 -0.053703 -0.064368
v 1.213959 -0.025673 -0.083014
v 1.214504 -0.062738 -0.070992
v 1.215028 -0.084006 -0.038640
v 1.215287 -0.072555 -0.035689
v 1.214823 -0.053703 -0.064368
v 1.215028 -0.084006 -0.038640
v 1.215212 -0.091474 -0.000478
v 1.215451 -0.079176 -0.001860
v 1.215287 -0.072555 -0.035689
v 1.215629 -0.072725 0.030763
v 1.215451 -0.079176 -0.001860
v 1.215212 -0.091474 -0.000478
v 1.215028 -0.084006 0.037685
v 1.215164 -0.053872 0.059442
v 1.215629 -0.072725 0.030763
v 1.215028 -0.084006 0.037685
v 1.214504 -0.062738 0.070037
v 1.214504 -0.062738 0.070037
v 1.213720 -0.030908 0.091655
v 1.214443 -0.024585 0.079018
v 1.215164 -0.053872 0.059442
v 1.213720 -0.030908 0.091655
v 1.212768 0.007709 0.099659
v 1.212768 0.007709 0.088335
v 1.214443 -0.024585 0.079018
v 1.211843 0.045255 0.092068
v 1.212768 0.007709 0.088335
v 1.212768 0.007709 0.099659
v 1.211949 0.040991 0.081606
v 1.211086 0.076013 0.070037
v 1.212142 0.069671 0.059582
v 1.211949 0.040991 0.081606
v 1.211843 0.045255 0.092068
v 1.212142 0.069671 0.059582
v 1.211267 0.098097 0.035549
v 1.212409 0.088268 0.028353
v 1.211086 0.076013 0.070037
v 1.211083 0.105565 -0.002614
v 1.212409 0.088268 0.028353
v 1.211267 0.098097 0.035549
v 1.211357 0.094424 -0.002614
v 1.210562 0.097281 -0.038640
v 1.211357 0.094424 -0.002614
v 1.211083 0.105565 -0.002614
v 1.210815 0.086988 -0.034306
v 1.210562 0.097281 -0.038640
v 1.211086 0.076013 -0.070992
v 1.211280 0.068135 -0.062985
v 1.210815 0.086988 -0.034306
v 1.211086 0.076013 -0.070992
v 1.211870 0.044183 -0.092610
v 1.211975 0.039920 -0.082148
v 1.211280 0.068135 -0.062985
v 1.213138 0.007609 -0.089743
v 1.211975 0.039920 -0.082148
v 1.211870 0.044183 -0.092610
v 1.212795 0.006637 -0.100201
v -1.193839 0.005902 -0.100601
v -1.193839 0.005902 -0.089277
v -1.193885 -0.028813 -0.082929
v -1.193895 -0.033078 -0.093391
v -1.193972 -0.064917 -0.071773
v -1.193895 -0.033078 -0.093391
v -1.193885 -0.028813 -0.082929
v -1.193953 -0.057036 -0.063766
v -1.193972 -0.064917 -0.071773
v -1.195101 -0.075802 -0.036398
v -1.195125 -0.086098 -0.040732
v -1.193953 -0.057036 -0.063766
v -1.195631 -0.093117 -0.003049
v -1.195125 -0.086098 -0.040732
v -1.195101 -0.075802 -0.036398
v -1.196086 -0.081592 -0.003503
v -1.195631 -0.093117 -0.003049
v -1.194968 -0.075062 0.031637
v -1.194510 -0.085739 0.036424
v -1.196086 -0.081592 -0.003503
v -1.194510 -0.085739 0.036424
v -1.194968 -0.075062 0.031637
v -1.195106 -0.056188 0.060097
v -1.194643 -0.064450 0.068558
v -1.194643 -0.064450 0.068558
v -1.195106 -0.056188 0.060097
v -1.194556 -0.028346 0.079713
v -1.194566 -0.032611 0.090175
v -1.194566 -0.032611 0.090175
v -1.194125 0.006614 0.087397
v -1.194125 0.006614 0.098721
v -1.194556 -0.028346 0.079713
v -1.194034 0.044171 0.091130
v -1.194125 0.006614 0.098721
v -1.194125 0.006614 0.087397
v -1.194044 0.039906 0.080668
v -1.193063 0.074237 0.070037
v -1.194034 0.044171 0.091130
v -1.194044 0.039906 0.080668
v -1.193082 0.066357 0.062030
v -1.193082 0.066357 0.062030
v -1.193036 0.085215 0.033351
v -1.193012 0.095511 0.037685
v -1.193063 0.074237 0.070037
v -1.193012 0.095511 0.037685
v -1.193036 0.085215 0.033351
v -1.193967 0.093488 -0.001100
v -1.193940 0.104633 -0.001100
v -1.193940 0.104633 -0.001100
v -1.193983 0.086866 -0.034929
v -1.193958 0.097162 -0.039263
v -1.193967 0.093488 -0.001100
v -1.193063 0.074237 -0.070992
v -1.193958 0.097162 -0.039263
v -1.193983 0.086866 -0.034929
v -1.193082 0.066357 -0.062985
v -1.193063 0.074237 -0.070992
v -1.193759 0.039194 -0.082548
v -1.193748 0.043459 -0.093010
v -1.193082 0.066357 -0.062985
v -1.193839 0.005902 -0.089277
v -1.193748 0.043459 -0.093010
v -1.193759 0.039194 -0.082548
v -1.193839 0.005902 -0.100601
v 1.213138 0.007609 -0.078419
v 1.213959 -0.025673 -0.083014
v 1.213853 -0.021409 -0.072552
v 1.213138 0.007609 -0.089743
v 1.214823 -0.053703 -0.064368
v 1.213853 -0.021409 -0.072552
v 1.213959 -0.025673 -0.083014
v 1.214629 -0.045825 -0.056361
v 1.215287 -0.072555 -0.035689
v 1.214629 -0.045825 -0.056361
v 1.214823 -0.053703 -0.064368
v 1.215034 -0.062262 -0.031356
v 1.215451 -0.079176 -0.001860
v 1.215034 -0.062262 -0.031356
v 1.215287 -0.072555 -0.035689
v 1.215176 -0.068035 -0.001860
v 1.215375 -0.062432 0.026429
v 1.215176 -0.068035 -0.001860
v 1.215451 -0.079176 -0.001860
v 1.215629 -0.072725 0.030763
v 1.214970 -0.045994 0.051434
v 1.215375 -0.062432 0.026429
v 1.215629 -0.072725 0.030763
v 1.215164 -0.053872 0.059442
v 1.215164 -0.053872 0.059442
v 1.214443 -0.024585 0.079018
v 1.214338 -0.020321 0.068556
v 1.214970 -0.045994 0.051434
v 1.214443 -0.024585 0.079018
v 1.212768 0.007709 0.088335
v 1.212768 0.007709 0.077011
v 1.214338 -0.020321 0.068556
v 1.211949 0.040991 0.081606
v 1.212768 0.007709 0.077011
v 1.212768 0.007709 0.088335
v 1.212054 0.036728 0.071144
v 1.212142 0.069671 0.059582
v 1.212336 0.061793 0.051574
v 1.212054 0.036728 0.071144
v 1.211949 0.040991 0.081606
v 1.212336 0.061793 0.051574
v 1.212409 0.088268 0.028353
v 1.212662 0.077975 0.024019
v 1.212142 0.069671 0.059582
v 1.212662 0.077975 0.024019
v 1.211357 0.094424 -0.002614
v 1.212520 0.083748 -0.005476
v 1.212409 0.088268 0.028353
v 1.210815 0.086988 -0.034306
v 1.212520 0.083748 -0.005476
v 1.211357 0.094424 -0.002614
v 1.211069 0.076695 -0.029973
v 1.210815 0.086988 -0.034306
v 1.211280 0.068135 -0.062985
v 1.211817 0.061229 -0.055845
v 1.211069 0.076695 -0.029973
v 1.211280 0.068135 -0.062985
v 1.211975 0.039920 -0.082148
v 1.212423 0.036628 -0.072552
v 1.211817 0.061229 -0.055845
v 1.213138 0.007609 -0.078419
v 1.212423 0.036628 -0.072552
v 1.211975 0.039920 -0.082148
v 1.213138 0.007609 -0.089743
v -1.193839 0.005902 -0.089277
v -1.193839 0.005902 -0.077953
v -1.193874 -0.024548 -0.072466
v -1.193885 -0.028813 -0.082929
v -1.193874 -0.024548 -0.072466
v -1.193934 -0.049156 -0.055759
v -1.193953 -0.057036 -0.063766
v -1.193885 -0.028813 -0.082929
v -1.193953 -0.057036 -0.063766
v -1.195076 -0.065506 -0.032064
v -1.195101 -0.075802 -0.036398
v -1.193934 -0.049156 -0.055759
v -1.196086 -0.081592 -0.003503
v -1.195101 -0.075802 -0.036398
v -1.195076 -0.065506 -0.032064
v -1.196059 -0.070447 -0.003503
v -1.196086 -0.081592 -0.003503
v -1.194943 -0.064766 0.027303
v -1.194968 -0.075062 0.031637
v -1.196059 -0.070447 -0.003503
v -1.194968 -0.075062 0.031637
v -1.194943 -0.064766 0.027303
v -1.195087 -0.048308 0.052090
v -1.195106 -0.056188 0.060097
v -1.195106 -0.056188 0.060097
v -1.195087 -0.048308 0.052090
v -1.194545 -0.024081 0.069251
v -1.194556 -0.028346 0.079713
v -1.194556 -0.028346 0.079713
v -1.194125 0.006614 0.076073
v -1.194125 0.006614 0.087397
v -1.194545 -0.024081 0.069251
v -1.194044 0.039906 0.080668
v -1.194125 0.006614 0.087397
v -1.194125 0.006614 0.076073
v -1.194054 0.035641 0.070206
v -1.193082 0.066357 0.062030
v -1.194044 0.039906 0.080668
v -1.194054 0.035641 0.070206
v -1.193101 0.058476 0.054023
v -1.193101 0.058476 0.054023
v -1.193061 0.074919 0.029018
v -1.193036 0.085215 0.033351
v -1.193082 0.066357 0.062030
v -1.193036 0.085215 0.033351
v -1.193061 0.074919 0.029018
v -1.193047 0.080693 -0.000478
v -1.193967 0.093488 -0.001100
v -1.193967 0.093488 -0.001100
v -1.193061 0.074919 -0.029973
v -1.193983 0.086866 -0.034929
v -1.193047 0.080693 -0.000478
v -1.193082 0.066357 -0.062985
v -1.193983 0.086866 -0.034929
v -1.193061 0.074919 -0.029973
v -1.193101 0.058476 -0.054978
v -1.193082 0.066357 -0.062985
v -1.193769 0.034930 -0.072086
v -1.193759 0.039194 -0.082548
v -1.193101 0.058476 -0.054978
v -1.193839 0.005902 -0.077953
v -1.193759 0.039194 -0.082548
v -1.193769 0.034930 -0.072086
v -1.193839 0.005902 -0.089277
v 1.213138 0.007609 -0.067095
v 1.213853 -0.021409 -0.072552
v 1.213748 -0.017146 -0.062090
v 1.213138 0.007609 -0.078419
v 1.213853 -0.021409 -0.072552
v 1.214629 -0.045825 -0.056361
v 1.214778 -0.036975 -0.049220
v 1.213748 -0.017146 -0.062090
v 1.214629 -0.045825 -0.056361
v 1.215034 -0.062262 -0.031356
v 1.214780 -0.051969 -0.027022
v 1.214778 -0.036975 -0.049220
v 1.215176 -0.068035 -0.001860
v 1.214780 -0.051969 -0.027022
v 1.215034 -0.062262 -0.031356
v 1.214902 -0.056893 -0.001860
v 1.215122 -0.052139 0.022096
v 1.214902 -0.056893 -0.001860
v 1.215176 -0.068035 -0.001860
v 1.215375 -0.062432 0.026429
v 1.214776 -0.038116 0.043427
v 1.215122 -0.052139 0.022096
v 1.215375 -0.062432 0.026429
v 1.214970 -0.045994 0.051434
v 1.214970 -0.045994 0.051434
v 1.214338 -0.020321 0.068556
v 1.214259 -0.017129 0.057680
v 1.214776 -0.038116 0.043427
v 1.214338 -0.020321 0.068556
v 1.212768 0.007709 0.077011
v 1.212768 0.007709 0.065687
v 1.214259 -0.017129 0.057680
v 1.212054 0.036728 0.071144
v 1.212768 0.007709 0.065687
v 1.212768 0.007709 0.077011
v 1.212159 0.032464 0.060682
v 1.212336 0.061793 0.051574
v 1.212530 0.053915 0.043567
v 1.212159 0.032464 0.060682
v 1.212054 0.036728 0.071144
v 1.212211 0.066867 0.021822
v 1.212530 0.053915 0.043567
v 1.212336 0.061793 0.051574
v 1.212662 0.077975 0.024019
v 1.212089 0.071791 -0.003340
v 1.212211 0.066867 0.021822
v 1.212662 0.077975 0.024019
v 1.212520 0.083748 -0.005476
v 1.212520 0.083748 -0.005476
v 1.211069 0.076695 -0.029973
v 1.211322 0.066402 -0.025639
v 1.212089 0.071791 -0.003340
v 1.211069 0.076695 -0.029973
v 1.211817 0.061229 -0.055845
v 1.212011 0.053351 -0.047837
v 1.211322 0.066402 -0.025639
v 1.212528 0.032365 -0.062090
v 1.212011 0.053351 -0.047837
v 1.211817 0.061229 -0.055845
v 1.212423 0.036628 -0.072552
v 1.213138 0.007609 -0.067095
v 1.212528 0.032365 -0.062090
v 1.212423 0.036628 -0.072552
v 1.213138 0.007609 -0.078419
v -1.193231 0.004841 -0.066228
v -1.193291 -0.019921 -0.061223
v -1.193874 -0.024548 -0.072466
v -1.193839 0.005902 -0.077953
v -1.193291 -0.019921 -0.061223
v -1.193341 -0.040914 -0.046970
v -1.193934 -0.049156 -0.055759
v -1.193874 -0.024548 -0.072466
v -1.195076 -0.065506 -0.032064
v -1.193934 -0.049156 -0.055759
v -1.193341 -0.040914 -0.046970
v -1.193375 -0.054941 -0.025639
v -1.196059 -0.070447 -0.003503
v -1.195076 -0.065506 -0.032064
v -1.193375 -0.054941 -0.025639
v -1.193869 -0.059485 -0.000931
v -1.194943 -0.064766 0.027303
v -1.196059 -0.070447 -0.003503
v -1.193869 -0.059485 -0.000931
v -1.193857 -0.054559 0.024231
v -1.193857 -0.054559 0.024231
v -1.193824 -0.040533 0.045562
v -1.195087 -0.048308 0.052090
v -1.194943 -0.064766 0.027303
v -1.193824 -0.040533 0.045562
v -1.193291 -0.019921 0.060268
v -1.194545 -0.024081 0.069251
v -1.195087 -0.048308 0.052090
v -1.194545 -0.024081 0.069251
v -1.193231 0.004841 0.065273
v -1.194125 0.006614 0.076073
v -1.193291 -0.019921 0.060268
v -1.194125 0.006614 0.076073
v -1.193171 0.029604 0.060268
v -1.194054 0.035641 0.070206
v -1.193231 0.004841 0.065273
v -1.193101 0.058476 0.054023
v -1.194054 0.035641 0.070206
v -1.193171 0.029604 0.060268
v -1.193985 0.051609 0.045300
v -1.193985 0.051609 0.045300
v -1.193951 0.065636 0.023968
v -1.193061 0.074919 0.029018
v -1.193101 0.058476 0.054023
v -1.193951 0.065636 0.023968
v -1.193939 0.070562 -0.001193
v -1.193047 0.080693 -0.000478
v -1.193061 0.074919 0.029018
v -1.193061 0.074919 -0.029973
v -1.193047 0.080693 -0.000478
v -1.193939 0.070562 -0.001193
v -1.193086 0.064623 -0.025639
v -1.193061 0.074919 -0.029973
v -1.193120 0.050596 -0.046970
v -1.193101 0.058476 -0.054978
v -1.193086 0.064623 -0.025639
v -1.193769 0.034930 -0.072086
v -1.193101 0.058476 -0.054978
v -1.193120 0.050596 -0.046970
v -1.193171 0.029604 -0.061223
v -1.193171 0.029604 -0.061223
v -1.193231 0.004841 -0.066228
v -1.193839 0.005902 -0.077953
v -1.193769 0.034930 -0.072086
v 1.213138 0.007609 -0.055771
v 1.213748 -0.017146 -0.062090
v 1.213643 -0.012882 -0.051628
v 1.213138 0.007609 -0.067095
v 1.213748 -0.017146 -0.062090
v 1.214778 -0.036975 -0.049220
v 1.214584 -0.029097 -0.041213
v 1.213643 -0.012882 -0.051628
v 1.214780 -0.051969 -0.027022
v 1.214584 -0.029097 -0.041213
v 1.214778 -0.036975 -0.049220
v 1.214527 -0.041676 -0.022689
v 1.214902 -0.056893 -0.001860
v 1.214527 -0.041676 -0.022689
v 1.214780 -0.051969 -0.027022
v 1.214627 -0.045752 -0.001860
v 1.215122 -0.052139 0.022096
v 1.214014 -0.042834 0.020351
v 1.214627 -0.045752 -0.001860
v 1.214902 -0.056893 -0.001860
v 1.214014 -0.042834 0.020351
v 1.214776 -0.038116 0.043427
v 1.213728 -0.031226 0.038008
v 1.215122 -0.052139 0.022096
v 1.214259 -0.017129 0.057680
v 1.213728 -0.031226 0.038008
v 1.214776 -0.038116 0.043427
v 1.213300 -0.013854 0.049806
v 1.214259 -0.017129 0.057680
v 1.212768 0.007709 0.065687
v 1.212768 0.007709 0.054363
v 1.213300 -0.013854 0.049806
v 1.212159 0.032464 0.060682
v 1.212768 0.007709 0.054363
v 1.212768 0.007709 0.065687
v 1.212264 0.028201 0.050220
v 1.212530 0.053915 0.043567
v 1.212750 0.044966 0.035146
v 1.212264 0.028201 0.050220
v 1.212159 0.032464 0.060682
v 1.212211 0.066867 0.021822
v 1.212464 0.056574 0.017489
v 1.212750 0.044966 0.035146
v 1.212530 0.053915 0.043567
v 1.212464 0.056574 0.017489
v 1.212089 0.071791 -0.003340
v 1.212364 0.060650 -0.003340
v 1.212211 0.066867 0.021822
v 1.211322 0.066402 -0.025639
v 1.212364 0.060650 -0.003340
v 1.212089 0.071791 -0.003340
v 1.211576 0.056109 -0.021306
v 1.211322 0.066402 -0.025639
v 1.212011 0.053351 -0.047837
v 1.212205 0.045473 -0.039830
v 1.211576 0.056109 -0.021306
v 1.212633 0.028101 -0.051628
v 1.212205 0.045473 -0.039830
v 1.212011 0.053351 -0.047837
v 1.212528 0.032365 -0.062090
v 1.213138 0.007609 -0.055771
v 1.212633 0.028101 -0.051628
v 1.212528 0.032365 -0.062090
v 1.213138 0.007609 -0.067095
v -1.194529 0.004196 -0.056621
v -1.194579 -0.016301 -0.052478
v -1.193291 -0.019921 -0.061223
v -1.193231 0.004841 -0.066228
v -1.193341 -0.040914 -0.046970
v -1.193291 -0.019921 -0.061223
v -1.194579 -0.016301 -0.052478
v -1.193322 -0.033033 -0.038963
v -1.193375 -0.054941 -0.025639
v -1.193341 -0.040914 -0.046970
v -1.193322 -0.033033 -0.038963
v -1.193350 -0.044644 -0.021306
v -1.193869 -0.059485 -0.000931
v -1.193375 -0.054941 -0.025639
v -1.193350 -0.044644 -0.021306
v -1.193842 -0.048340 -0.000931
v -1.193833 -0.044263 0.019897
v -1.193869 -0.059485 -0.000931
v -1.193842 -0.048340 -0.000931
v -1.193857 -0.054559 0.024231
v -1.193857 -0.054559 0.024231
v -1.193833 -0.044263 0.019897
v -1.193805 -0.032652 0.037555
v -1.193824 -0.040533 0.045562
v -1.193824 -0.040533 0.045562
v -1.193805 -0.032652 0.037555
v -1.193280 -0.015656 0.049806
v -1.193291 -0.019921 0.060268
v -1.193291 -0.019921 0.060268
v -1.193231 0.004841 0.053949
v -1.193231 0.004841 0.065273
v -1.193280 -0.015656 0.049806
v -1.193171 0.029604 0.060268
v -1.193231 0.004841 0.065273
v -1.193231 0.004841 0.053949
v -1.193181 0.025339 0.049806
v -1.193985 0.051609 0.045300
v -1.193171 0.029604 0.060268
v -1.193181 0.025339 0.049806
v -1.194004 0.043729 0.037292
v -1.194004 0.043729 0.037292
v -1.193976 0.055340 0.019635
v -1.193951 0.065636 0.023968
v -1.193985 0.051609 0.045300
v -1.193976 0.055340 0.019635
v -1.193966 0.059417 -0.001193
v -1.193939 0.070562 -0.001193
v -1.193951 0.065636 0.023968
v -1.193086 0.064623 -0.025639
v -1.193939 0.070562 -0.001193
v -1.193966 0.059417 -0.001193
v -1.193111 0.054327 -0.021306
v -1.193120 0.050596 -0.046970
v -1.193086 0.064623 -0.025639
v -1.193111 0.054327 -0.021306
v -1.194438 0.042071 -0.040680
v -1.193171 0.029604 -0.061223
v -1.193120 0.050596 -0.046970
v -1.194438 0.042071 -0.040680
v -1.194480 0.024694 -0.052478
v -1.194480 0.024694 -0.052478
v -1.194529 0.004196 -0.056621
v -1.193231 0.004841 -0.066228
v -1.193171 0.029604 -0.061223
v 1.213138 0.007609 -0.044447
v 1.213643 -0.012882 -0.051628
v 1.213538 -0.008619 -0.041166
v 1.213138 0.007609 -0.055771
v 1.213643 -0.012882 -0.051628
v 1.214584 -0.029097 -0.041213
v 1.213538 -0.008619 -0.041166
v 1.213534 -0.023348 -0.030956
v 1.214527 -0.041676 -0.022689
v 1.213534 -0.023348 -0.030956
v 1.214584 -0.029097 -0.041213
v 1.213760 -0.032541 -0.016972
v 1.214627 -0.045752 -0.001860
v 1.213760 -0.032541 -0.016972
v 1.214527 -0.041676 -0.022689
v 1.213840 -0.035769 -0.000478
v 1.214294 -0.032481 0.014231
v 1.213840 -0.035769 -0.000478
v 1.214627 -0.045752 -0.001860
v 1.214014 -0.042834 0.020351
v 1.214067 -0.023289 0.028214
v 1.214294 -0.032481 0.014231
v 1.214014 -0.042834 0.020351
v 1.213728 -0.031226 0.038008
v 1.213728 -0.031226 0.038008
v 1.213300 -0.013854 0.049806
v 1.213729 -0.009531 0.037558
v 1.214067 -0.023289 0.028214
v 1.213300 -0.013854 0.049806
v 1.212768 0.007709 0.054363
v 1.212795 0.006637 0.042625
v 1.213729 -0.009531 0.037558
v 1.212768 0.007709 0.054363
v 1.212264 0.028201 0.050220
v 1.212395 0.022866 0.039344
v 1.212795 0.006637 0.042625
v 1.212750 0.044966 0.035146
v 1.212421 0.036480 0.028724
v 1.212395 0.022866 0.039344
v 1.212264 0.028201 0.050220
v 1.212195 0.045673 0.014740
v 1.212421 0.036480 0.028724
v 1.212750 0.044966 0.035146
v 1.212464 0.056574 0.017489
v 1.212115 0.048901 -0.001755
v 1.212195 0.045673 0.014740
v 1.212464 0.056574 0.017489
v 1.212364 0.060650 -0.003340
v 1.211576 0.056109 -0.021306
v 1.212115 0.048901 -0.001755
v 1.212364 0.060650 -0.003340
v 1.212195 0.045673 -0.018249
v 1.211576 0.056109 -0.021306
v 1.212205 0.045473 -0.039830
v 1.212399 0.037595 -0.031823
v 1.212195 0.045673 -0.018249
v 1.212739 0.023838 -0.041166
v 1.212399 0.037595 -0.031823
v 1.212205 0.045473 -0.039830
v 1.212633 0.028101 -0.051628
v 1.213138 0.007609 -0.044447
v 1.212739 0.023838 -0.041166
v 1.212633 0.028101 -0.051628
v 1.213138 0.007609 -0.055771
v -1.194529 0.004196 -0.045297
v -1.194568 -0.012037 -0.042016
v -1.194579 -0.016301 -0.052478
v -1.194529 0.004196 -0.056621
v -1.194568 -0.012037 -0.042016
v -1.194602 -0.025798 -0.032672
v -1.193322 -0.033033 -0.038963
v -1.194579 -0.016301 -0.052478
v -1.193350 -0.044644 -0.021306
v -1.193322 -0.033033 -0.038963
v -1.194602 -0.025798 -0.032672
v -1.193326 -0.034348 -0.016972
v -1.193842 -0.048340 -0.000931
v -1.193350 -0.044644 -0.021306
v -1.193326 -0.034348 -0.016972
v -1.193333 -0.037577 -0.000478
v -1.194346 -0.034263 0.014804
v -1.193842 -0.048340 -0.000931
v -1.193333 -0.037577 -0.000478
v -1.193833 -0.044263 0.019897
v -1.193833 -0.044263 0.019897
v -1.194346 -0.034263 0.014804
v -1.194324 -0.025067 0.028787
v -1.193805 -0.032652 0.037555
v -1.193805 -0.032652 0.037555
v -1.194324 -0.025067 0.028787
v -1.193270 -0.011392 0.039344
v -1.193280 -0.015656 0.049806
v -1.193280 -0.015656 0.049806
v -1.193231 0.004841 0.042625
v -1.193231 0.004841 0.053949
v -1.193270 -0.011392 0.039344
v -1.193181 0.025339 0.049806
v -1.193231 0.004841 0.053949
v -1.193231 0.004841 0.042625
v -1.193362 0.021128 0.039160
v -1.194004 0.043729 0.037292
v -1.193181 0.025339 0.049806
v -1.193362 0.021128 0.039160
v -1.194193 0.035903 0.029101
v -1.194193 0.035903 0.029101
v -1.194171 0.045098 0.015117
v -1.193976 0.055340 0.019635
v -1.194004 0.043729 0.037292
v -1.194171 0.045098 0.015117
v -1.193993 0.048273 -0.001193
v -1.193966 0.059417 -0.001193
v -1.193976 0.055340 0.019635
v -1.193111 0.054327 -0.021306
v -1.193966 0.059417 -0.001193
v -1.193993 0.048273 -0.001193
v -1.193136 0.044031 -0.016972
v -1.193111 0.054327 -0.021306
v -1.194457 0.034191 -0.032672
v -1.194438 0.042071 -0.040680
v -1.193136 0.044031 -0.016972
v -1.194438 0.042071 -0.040680
v -1.194490 0.020429 -0.042016
v -1.194480 0.024694 -0.052478
v -1.194457 0.034191 -0.032672
v -1.194529 0.004196 -0.045297
v -1.194480 0.024694 -0.052478
v -1.194490 0.020429 -0.042016
v -1.194529 0.004196 -0.056621
v 1.213138 0.007609 -0.033123
v 1.213538 -0.008619 -0.041166
v 1.213090 -0.005327 -0.029837
v 1.213138 0.007609 -0.044447
v 1.213538 -0.008619 -0.041166
v 1.213534 -0.023348 -0.030956
v 1.213090 -0.005327 -0.029837
v 1.213340 -0.015470 -0.022948
v 1.213760 -0.032541 -0.016972
v 1.213340 -0.015470 -0.022948
v 1.213534 -0.023348 -0.030956
v 1.213507 -0.022248 -0.012639
v 1.213840 -0.035769 -0.000478
v 1.213507 -0.022248 -0.012639
v 1.213760 -0.032541 -0.016972
v 1.213565 -0.024628 -0.000478
v 1.214294 -0.032481 0.014231
v 1.214040 -0.022188 0.009897
v 1.213565 -0.024628 -0.000478
v 1.213840 -0.035769 -0.000478
v 1.213873 -0.015411 0.020207
v 1.214040 -0.022188 0.009897
v 1.214294 -0.032481 0.014231
v 1.214067 -0.023289 0.028214
v 1.214067 -0.023289 0.028214
v 1.213729 -0.009531 0.037558
v 1.213624 -0.005268 0.027096
v 1.213873 -0.015411 0.020207
v 1.213729 -0.009531 0.037558
v 1.212795 0.006637 0.042625
v 1.212795 0.006637 0.031301
v 1.213624 -0.005268 0.027096
v 1.212395 0.022866 0.039344
v 1.212795 0.006637 0.031301
v 1.212795 0.006637 0.042625
v 1.212500 0.018602 0.028882
v 1.212421 0.036480 0.028724
v 1.212615 0.028602 0.020716
v 1.212500 0.018602 0.028882
v 1.212395 0.022866 0.039344
v 1.212195 0.045673 0.014740
v 1.212448 0.035380 0.010407
v 1.212615 0.028602 0.020716
v 1.212421 0.036480 0.028724
v 1.212448 0.035380 0.010407
v 1.212115 0.048901 -0.001755
v 1.212389 0.037760 -0.001755
v 1.212195 0.045673 0.014740
v 1.212115 0.048901 -0.001755
v 1.212195 0.045673 -0.018249
v 1.212448 0.035380 -0.013916
v 1.212389 0.037760 -0.001755
v 1.212195 0.045673 -0.018249
v 1.212399 0.037595 -0.031823
v 1.212959 0.029574 -0.025092
v 1.212448 0.035380 -0.013916
v 1.212739 0.023838 -0.041166
v 1.212844 0.019574 -0.030704
v 1.212959 0.029574 -0.025092
v 1.212399 0.037595 -0.031823
v 1.213138 0.007609 -0.033123
v 1.212844 0.019574 -0.030704
v 1.212739 0.023838 -0.041166
v 1.213138 0.007609 -0.044447
v -1.194529 0.004196 -0.033973
v -1.194558 -0.007772 -0.031554
v -1.194568 -0.012037 -0.042016
v -1.194529 0.004196 -0.045297
v -1.194558 -0.007772 -0.031554
v -1.194583 -0.017918 -0.024665
v -1.194602 -0.025798 -0.032672
v -1.194568 -0.012037 -0.042016
v -1.193326 -0.034348 -0.016972
v -1.194602 -0.025798 -0.032672
v -1.194583 -0.017918 -0.024665
v -1.193300 -0.024052 -0.012639
v -1.193333 -0.037577 -0.000478
v -1.193326 -0.034348 -0.016972
v -1.193300 -0.024052 -0.012639
v -1.193306 -0.026433 -0.000478
v -1.193306 -0.026433 -0.000478
v -1.194832 -0.023141 0.009916
v -1.194346 -0.034263 0.014804
v -1.193333 -0.037577 -0.000478
v -1.194346 -0.034263 0.014804
v -1.194832 -0.023141 0.009916
v -1.194815 -0.016361 0.020226
v -1.194324 -0.025067 0.028787
v -1.194324 -0.025067 0.028787
v -1.194815 -0.016361 0.020226
v -1.193260 -0.007127 0.028882
v -1.193270 -0.011392 0.039344
v -1.193270 -0.011392 0.039344
v -1.193231 0.004841 0.031301
v -1.193231 0.004841 0.042625
v -1.193260 -0.007127 0.028882
v -1.193362 0.021128 0.039160
v -1.193231 0.004841 0.042625
v -1.193231 0.004841 0.031301
v -1.193372 0.016863 0.028698
v -1.194193 0.035903 0.029101
v -1.193362 0.021128 0.039160
v -1.193372 0.016863 0.028698
v -1.194212 0.028022 0.021094
v -1.194212 0.028022 0.021094
v -1.194196 0.034802 0.010784
v -1.194171 0.045098 0.015117
v -1.194193 0.035903 0.029101
v -1.194196 0.034802 0.010784
v -1.194020 0.037129 -0.001193
v -1.193993 0.048273 -0.001193
v -1.194171 0.045098 0.015117
v -1.193136 0.044031 -0.016972
v -1.193993 0.048273 -0.001193
v -1.194020 0.037129 -0.001193
v -1.193161 0.033735 -0.012639
v -1.193136 0.044031 -0.016972
v -1.194476 0.026310 -0.024665
v -1.194457 0.034191 -0.032672
v -1.193161 0.033735 -0.012639
v -1.194490 0.020429 -0.042016
v -1.194457 0.034191 -0.032672
v -1.194500 0.016164 -0.031554
v -1.194476 0.026310 -0.024665
v -1.194529 0.004196 -0.033973
v -1.194490 0.020429 -0.042016
v -1.194500 0.016164 -0.031554
v -1.194529 0.004196 -0.045297
v 1.212985 -0.001064 -0.019375
v 1.212795 0.006637 -0.020932
v 1.213090 -0.005327 -0.029837
v 1.213138 0.007609 -0.033123
v 1.213090 -0.005327 -0.029837
v 1.213340 -0.015470 -0.022948
v 1.212985 -0.001064 -0.019375
v 1.213145 -0.007592 -0.014941
v 1.213507 -0.022248 -0.012639
v 1.213145 -0.007592 -0.014941
v 1.213340 -0.015470 -0.022948
v 1.213253 -0.011955 -0.008305
v 1.213253 -0.011955 -0.008305
v 1.213507 -0.022248 -0.012639
v 1.213565 -0.024628 -0.000478
v 1.213291 -0.013487 -0.000478
v 1.214040 -0.022188 0.009897
v 1.213787 -0.011895 0.005564
v 1.213291 -0.013487 -0.000478
v 1.213565 -0.024628 -0.000478
v 1.213679 -0.007533 0.012200
v 1.213787 -0.011895 0.005564
v 1.214040 -0.022188 0.009897
v 1.213873 -0.015411 0.020207
v 1.213873 -0.015411 0.020207
v 1.213624 -0.005268 0.027096
v 1.213519 -0.001004 0.016634
v 1.213679 -0.007533 0.012200
v 1.213624 -0.005268 0.027096
v 1.212795 0.006637 0.031301
v 1.212795 0.006637 0.019977
v 1.213519 -0.001004 0.016634
v 1.212500 0.018602 0.028882
v 1.212795 0.006637 0.019977
v 1.212795 0.006637 0.031301
v 1.212605 0.014338 0.018420
v 1.212615 0.028602 0.020716
v 1.212809 0.020724 0.012709
v 1.212605 0.014338 0.018420
v 1.212500 0.018602 0.028882
v 1.212448 0.035380 0.010407
v 1.212702 0.025087 0.006073
v 1.212809 0.020724 0.012709
v 1.212615 0.028602 0.020716
v 1.212702 0.025087 0.006073
v 1.212389 0.037760 -0.001755
v 1.212664 0.026618 -0.001755
v 1.212448 0.035380 0.010407
v 1.212389 0.037760 -0.001755
v 1.212448 0.035380 -0.013916
v 1.212702 0.025087 -0.009582
v 1.212664 0.026618 -0.001755
v 1.212448 0.035380 -0.013916
v 1.212959 0.029574 -0.025092
v 1.212809 0.020724 -0.016218
v 1.212702 0.025087 -0.009582
v 1.212844 0.019574 -0.030704
v 1.212605 0.014338 -0.019375
v 1.212809 0.020724 -0.016218
v 1.212959 0.029574 -0.025092
v 1.213138 0.007609 -0.033123
v 1.212795 0.006637 -0.020932
v 1.212605 0.014338 -0.019375
v 1.212844 0.019574 -0.030704
v -1.194529 0.004196 -0.022649
v -1.194548 -0.003507 -0.021092
v -1.194558 -0.007772 -0.031554
v -1.194529 0.004196 -0.033973
v -1.194548 -0.003507 -0.021092
v -1.194564 -0.010038 -0.016658
v -1.194583 -0.017918 -0.024665
v -1.194558 -0.007772 -0.031554
v -1.193300 -0.024052 -0.012639
v -1.194583 -0.017918 -0.024665
v -1.194564 -0.010038 -0.016658
v -1.193276 -0.013756 -0.008305
v -1.193306 -0.026433 -0.000478
v -1.193300 -0.024052 -0.012639
v -1.193276 -0.013756 -0.008305
v -1.193280 -0.015289 -0.000478
v -1.193280 -0.015289 -0.000478
v -1.193786 -0.012930 0.006796
v -1.194832 -0.023141 0.009916
v -1.193306 -0.026433 -0.000478
v -1.193786 -0.012930 0.006796
v -1.193776 -0.008567 0.013432
v -1.194815 -0.016361 0.020226
v -1.194832 -0.023141 0.009916
v -1.194815 -0.016361 0.020226
v -1.193776 -0.008567 0.013432
v -1.193249 -0.002862 0.018420
v -1.193260 -0.007127 0.028882
v -1.193260 -0.007127 0.028882
v -1.193231 0.004841 0.019977
v -1.193231 0.004841 0.031301
v -1.193249 -0.002862 0.018420
v -1.193372 0.016863 0.028698
v -1.193231 0.004841 0.031301
v -1.193231 0.004841 0.019977
v -1.193382 0.012598 0.018236
v -1.194212 0.028022 0.021094
v -1.193372 0.016863 0.028698
v -1.193367 0.019129 0.013802
v -1.193382 0.012598 0.018236
v -1.193367 0.019129 0.013802
v -1.193356 0.023492 0.007166
v -1.194212 0.028022 0.021094
v -1.194196 0.034802 0.010784
v -1.194196 0.034802 0.010784
v -1.193356 0.023492 0.007166
v -1.193182 0.024971 -0.000478
v -1.194020 0.037129 -0.001193
v -1.193161 0.033735 -0.012639
v -1.194020 0.037129 -0.001193
v -1.193182 0.024971 -0.000478
v -1.193186 0.023439 -0.008305
v -1.193161 0.033735 -0.012639
v -1.194495 0.018430 -0.016658
v -1.194476 0.026310 -0.024665
v -1.193186 0.023439 -0.008305
v -1.194500 0.016164 -0.031554
v -1.194476 0.026310 -0.024665
v -1.194511 0.011900 -0.021092
v -1.194495 0.018430 -0.016658
v -1.194511 0.011900 -0.021092
v -1.194529 0.004196 -0.022649
v -1.194500 0.016164 -0.031554
v -1.194529 0.004196 -0.033973
v 1.212880 0.003200 -0.008913
v 1.212795 0.006637 -0.009608
v 1.212985 -0.001064 -0.019375
v 1.212795 0.006637 -0.020932
v 1.212985 -0.001064 -0.019375
v 1.213145 -0.007592 -0.014941
v 1.212880 0.003200 -0.008913
v 1.212951 0.000286 -0.006934
v 1.213145 -0.007592 -0.014941
v 1.213253 -0.011955 -0.008305
v 1.212951 0.000286 -0.006934
v 1.212999 -0.001662 -0.003972
v 1.213291 -0.013487 -0.000478
v 1.213016 -0.002345 -0.000478
v 1.212999 -0.001662 -0.003972
v 1.213253 -0.011955 -0.008305
v 1.213787 -0.011895 0.005564
v 1.212999 -0.001662 0.003017
v 1.213016 -0.002345 -0.000478
v 1.213291 -0.013487 -0.000478
v 1.212951 0.000286 0.005979
v 1.212999 -0.001662 0.003017
v 1.213679 -0.007533 0.012200
v 1.213787 -0.011895 0.005564
v 1.212880 0.003200 0.007958
v 1.212951 0.000286 0.005979
v 1.213519 -0.001004 0.016634
v 1.213679 -0.007533 0.012200
v 1.213519 -0.001004 0.016634
v 1.212795 0.006637 0.019977
v 1.212795 0.006637 0.008653
v 1.212880 0.003200 0.007958
v 1.212605 0.014338 0.018420
v 1.212795 0.006637 0.008653
v 1.212795 0.006637 0.019977
v 1.212710 0.010075 0.007958
v 1.212809 0.020724 0.012709
v 1.213003 0.012846 0.004702
v 1.212710 0.010075 0.007958
v 1.212605 0.014338 0.018420
v 1.212702 0.025087 0.006073
v 1.212955 0.014794 0.001739
v 1.213003 0.012846 0.004702
v 1.212809 0.020724 0.012709
v 1.212939 0.015477 -0.001755
v 1.212955 0.014794 0.001739
v 1.212664 0.026618 -0.001755
v 1.212702 0.025087 0.006073
v 1.212664 0.026618 -0.001755
v 1.212702 0.025087 -0.009582
v 1.212955 0.014794 -0.005249
v 1.212939 0.015477 -0.001755
v 1.212702 0.025087 -0.009582
v 1.212809 0.020724 -0.016218
v 1.213003 0.012846 -0.008211
v 1.212955 0.014794 -0.005249
v 1.212605 0.014338 -0.019375
v 1.212710 0.010075 -0.008913
v 1.213003 0.012846 -0.008211
v 1.212809 0.020724 -0.016218
v 1.212795 0.006637 -0.009608
v 1.212710 0.010075 -0.008913
v 1.212605 0.014338 -0.019375
v 1.212795 0.006637 -0.020932
v -1.194529 0.004196 -0.022649
v -1.193231 0.004841 -0.009608
v -1.193239 0.001403 -0.008913
v -1.194548 -0.003507 -0.021092
v -1.193239 0.001403 -0.008913
v -1.193246 -0.001513 -0.006934
v -1.194564 -0.010038 -0.016658
v -1.194548 -0.003507 -0.021092
v -1.193276 -0.013756 -0.008305
v -1.194564 -0.010038 -0.016658
v -1.193246 -0.001513 -0.006934
v -1.193251 -0.003460 -0.003972
v -1.193280 -0.015289 -0.000478
v -1.193276 -0.013756 -0.008305
v -1.193251 -0.003460 -0.003972
v -1.193252 -0.004144 -0.000478
v -1.193252 -0.004144 -0.000478
v -1.193251 -0.003460 0.003017
v -1.193786 -0.012930 0.006796
v -1.193280 -0.015289 -0.000478
v -1.193786 -0.012930 0.006796
v -1.193251 -0.003460 0.003017
v -1.193246 -0.001513 0.005979
v -1.193776 -0.008567 0.013432
v -1.193776 -0.008567 0.013432
v -1.193246 -0.001513 0.005979
v -1.193239 0.001403 0.007958
v -1.193249 -0.002862 0.018420
v -1.193249 -0.002862 0.018420
v -1.193231 0.004841 0.008653
v -1.193231 0.004841 0.019977
v -1.193239 0.001403 0.007958
v -1.193382 0.012598 0.018236
v -1.193231 0.004841 0.019977
v -1.193231 0.004841 0.008653
v -1.193223 0.008280 0.007958
v -1.193223 0.008280 0.007958
v -1.193215 0.011195 0.005979
v -1.193367 0.019129 0.013802
v -1.193382 0.012598 0.018236
v -1.193215 0.011195 0.005979
v -1.193210 0.013143 0.003017
v -1.193367 0.019129 0.013802
v -1.193356 0.023492 0.007166
v -1.193356 0.023492 0.007166
v -1.193210 0.013143 0.003017
v -1.193209 0.013827 -0.000478
v -1.193182 0.024971 -0.000478
v -1.193182 0.024971 -0.000478
v -1.193209 0.013827 -0.000478
v -1.193210 0.013143 -0.003972
v -1.193186 0.023439 -0.008305
v -1.194495 0.018430 -0.016658
v -1.193186 0.023439 -0.008305
v -1.193215 0.011195 -0.006934
v -1.193210 0.013143 -0.003972
v -1.193215 0.011195 -0.006934
v -1.193223 0.008280 -0.008913
v -1.194495 0.018430 -0.016658
v -1.194511 0.011900 -0.021092
v -1.193223 0.008280 -0.008913
v -1.193231 0.004841 -0.009608
v -1.194511 0.011900 -0.021092
v -1.194529 0.004196 -0.022649
v 1.252221 0.007578 0.130418
v 1.253435 -0.041704 0.120454
v 1.077330 -0.045906 0.120454
v 1.077330 -0.045906 0.120454
v 0.901224 -0.050109 0.120454
v 0.900010 -0.000827 0.130418
v 0.900010 -0.000827 0.130418
v 0.901224 -0.050109 0.120454
v 0.729589 -0.056833 0.121424
v 0.723905 -0.005029 0.130418
v 0.729589 -0.056833 0.121424
v 0.553484 -0.061035 0.121424
v 0.360397 -0.107447 0.093050
v 0.179389 -0.089780 0.092079
v 0.190208 -0.061544 0.111250
v 0.074988 -0.047988 0.120454
v 0.008301 -0.095817 0.092079
v 0.022313 -0.054026 0.120454
v 0.022313 -0.054026 0.120454
v -0.153844 -0.054026 0.120454
v -0.148038 -0.001322 0.134076
v -0.153844 -0.054026 0.120454
v -0.317969 -0.049901 0.123649
v -0.312036 0.002789 0.137272
v -0.366389 -0.047892 0.124515
v -0.372726 -0.044488 0.160040
v -0.373580 -0.016628 0.166520
v -0.494007 -0.000192 0.133613
v -0.494126 -0.049488 0.123649
v -0.673497 -0.044878 0.124539
v -0.673378 0.004419 0.134503
v -0.673497 -0.044878 0.124539
v -0.849654 -0.044465 0.124539
v -0.849654 -0.044465 0.124539
v -1.025810 -0.044053 0.124539
v -1.025678 0.010744 0.135938
v 1.222991 0.056192 -0.121409
v 1.235302 0.098289 -0.093034
v 1.059885 0.094103 -0.093034
v 1.048886 0.052037 -0.121409
v 1.059885 0.094103 -0.093034
v 0.884468 0.089917 -0.093034
v 0.874782 0.047882 -0.121409
v 0.884468 0.089917 -0.093034
v 0.714179 0.089530 -0.095995
v 0.705805 0.047527 -0.124369
v 0.714179 0.089530 -0.095995
v 0.538762 0.085344 -0.095995
v 0.531701 0.043372 -0.124369
v 0.538762 0.085344 -0.095995
v 0.363345 0.081158 -0.095995
v 0.357597 0.039217 -0.124369
v 0.363345 0.081158 -0.095995
v 0.190075 0.096072 -0.095995
v 0.184608 0.054281 -0.124369
v 0.190075 0.096072 -0.095995
v 0.012455 0.086358 -0.093034
v 0.008301 0.044567 -0.121409
v 0.012455 0.086358 -0.093034
v -0.160253 0.089188 -0.095101
v -0.160253 0.089188 -0.095101
v -0.329355 0.096736 -0.095101
v -0.325517 0.056522 -0.129473
v -0.329355 0.096736 -0.095101
v -0.499356 0.098720 -0.101099
v -0.499672 0.056929 -0.129473
v -0.499356 0.098720 -0.101099
v -0.677591 0.096308 -0.099032
v -0.676594 0.054514 -0.127406
v -0.677591 0.096308 -0.099032
v -0.858526 0.095146 -0.093034
v -0.856215 0.053349 -0.121409
v -0.858526 0.095146 -0.093034
v -1.033993 0.095557 -0.093034
v -1.030370 0.053756 -0.121409
v 1.226448 -0.084152 0.092079
v 1.052344 -0.088306 0.092079
v 1.077330 -0.045906 0.120454
v 1.052344 -0.088306 0.092079
v 0.878240 -0.092461 0.092079
v 0.901224 -0.050109 0.120454
v 0.878240 -0.092461 0.092079
v 0.708606 -0.099137 0.093050
v 0.729589 -0.056833 0.121424
v 0.708606 -0.099137 0.093050
v 0.534502 -0.103292 0.093050
v 0.553484 -0.061035 0.121424
v 0.373765 -0.009165 0.132336
v 0.527541 -0.061654 0.121424
v 0.376344 -0.049188 0.124547
v 0.373765 -0.009165 0.132336
v 0.376344 -0.049188 0.124547
v 0.195403 -0.031950 0.123695
v 0.022313 -0.004730 0.130418
v 0.195403 0.001308 0.130418
v 0.074988 -0.047988 0.120454
v 0.008301 -0.095817 0.092079
v -0.165854 -0.097838 0.091552
v -0.153844 -0.054026 0.120454
v -0.165854 -0.097838 0.091552
v -0.328084 -0.093689 0.094748
v -0.317969 -0.049901 0.123649
v -0.366389 -0.047892 0.124515
v -0.377735 -0.068096 0.111554
v -0.391741 -0.063410 0.149415
v -0.502239 -0.093281 0.094748
v -0.682400 -0.087443 0.092079
v -0.673497 -0.044878 0.124539
v -0.682400 -0.087443 0.092079
v -0.856555 -0.087035 0.092079
v -0.849654 -0.044465 0.124539
v -0.856555 -0.087035 0.092079
v -1.030709 -0.086628 0.092079
v -1.025810 -0.044053 0.124539
v 1.235302 0.098289 -0.093034
v 1.234614 0.126205 -0.050569
v 1.059197 0.122019 -0.050569
v 1.059885 0.094103 -0.093034
v 1.059197 0.122019 -0.050569
v 0.883781 0.117833 -0.050569
v 0.883781 0.117833 -0.050569
v 0.708364 0.113647 -0.050569
v 0.714179 0.089530 -0.095995
v 0.708364 0.113647 -0.050569
v 0.540015 0.114129 -0.050477
v 0.538762 0.085344 -0.095995
v 0.538762 0.085344 -0.095995
v 0.540015 0.114129 -0.050477
v 0.364598 0.109943 -0.050477
v 0.364598 0.109943 -0.050477
v 0.184855 0.120321 -0.050569
v 0.190075 0.096072 -0.095995
v 0.184855 0.120321 -0.050569
v 0.012455 0.114283 -0.050569
v 0.012455 0.086358 -0.093034
v -0.164364 0.126918 -0.002544
v -0.333853 0.134476 -0.002544
v -0.330661 0.127613 -0.037567
v -0.333853 0.134476 -0.002544
v -0.509799 0.134888 -0.002544
v -0.506272 0.128024 -0.037567
v -0.509799 0.134888 -0.002544
v -0.688512 0.132478 -0.000478
v -0.686841 0.129507 -0.015631
v -0.817589 0.122974 -0.050569
v -0.864458 0.132890 -0.000478
v -0.858458 0.123070 -0.050569
v -0.858526 0.095146 -0.093034
v -0.858458 0.123070 -0.050569
v -1.033926 0.123481 -0.050569
v 1.226448 -0.084152 0.092079
v 1.249987 -0.111522 0.049614
v 1.074250 -0.115716 0.049614
v 1.052344 -0.088306 0.092079
v 1.074250 -0.115716 0.049614
v 0.898514 -0.119910 0.049614
v 0.878240 -0.092461 0.092079
v 0.898514 -0.119910 0.049614
v 0.727248 -0.126625 0.050584
v 0.708606 -0.099137 0.093050
v 0.727248 -0.126625 0.050584
v 0.551511 -0.130819 0.050584
v 0.534502 -0.103292 0.093050
v 0.551511 -0.130819 0.050584
v 0.375775 -0.135012 0.050584
v 0.360397 -0.107447 0.093050
v 0.375775 -0.135012 0.050584
v 0.192450 -0.117704 0.049614
v 0.179389 -0.089780 0.092079
v 0.192450 -0.117704 0.049614
v 0.019730 -0.123742 0.049614
v 0.008301 -0.095817 0.092079
v 0.019730 -0.123742 0.049614
v -0.156058 -0.125762 0.049087
v -0.165854 -0.097838 0.091552
v -0.156058 -0.125762 0.049087
v -0.325999 -0.118222 0.049087
v -0.328084 -0.093689 0.094748
v -0.325999 -0.118222 0.049087
v -0.501787 -0.117811 0.049087
v -0.502239 -0.093281 0.094748
v -0.501787 -0.117811 0.049087
v -0.677569 -0.115379 0.049614
v -0.682400 -0.087443 0.092079
v -0.677569 -0.115379 0.049614
v -0.853357 -0.114967 0.049614
v -0.856555 -0.087035 0.092079
v -0.853357 -0.114967 0.049614
v -1.029144 -0.114556 0.049614
v 1.234087 0.136001 -0.000478
v 1.058192 0.131804 -0.000478
v 1.059197 0.122019 -0.050569
v 1.058192 0.131804 -0.000478
v 0.882297 0.127606 -0.000478
v 0.883781 0.117833 -0.050569
v 0.882297 0.127606 -0.000478
v 0.706402 0.123409 -0.000478
v 0.708364 0.113647 -0.050569
v 0.706402 0.123409 -0.000478
v 0.537575 0.123880 -0.000385
v 0.540015 0.114129 -0.050477
v 0.537575 0.123880 -0.000385
v 0.361681 0.119682 -0.000385
v 0.364598 0.109943 -0.050477
v 0.361681 0.119682 -0.000385
v 0.181701 0.130126 -0.000478
v 0.184855 0.120321 -0.050569
v 0.181701 0.130126 -0.000478
v 0.008822 0.124088 -0.000478
v 0.012455 0.114283 -0.050569
v -0.160253 0.089188 -0.095101
v -0.045518 0.115232 -0.051263
v -0.160253 0.108714 -0.065408
v -0.160253 0.089188 -0.095101
v -0.160253 0.108714 -0.065408
v -0.329331 0.106796 -0.079803
v -0.329331 0.106796 -0.079803
v -0.501366 0.108530 -0.083058
v -0.499356 0.098720 -0.101099
v -0.501366 0.108530 -0.083058
v -0.681492 0.115348 -0.064016
v -0.677591 0.096308 -0.099032
v -0.858526 0.095146 -0.093034
v -0.677591 0.096308 -0.099032
v -0.817589 0.122974 -0.050569
v -0.864458 0.132890 -0.000478
v -1.040404 0.133302 -0.000478
v -1.033926 0.123481 -0.050569
v 1.250228 -0.121325 -0.000478
v 1.072637 -0.125563 -0.000478
v 1.074250 -0.115716 0.049614
v 1.072637 -0.125563 -0.000478
v 0.895046 -0.129801 -0.000478
v 0.898514 -0.119910 0.049614
v 0.895046 -0.129801 -0.000478
v 0.721925 -0.136560 0.000493
v 0.727248 -0.126625 0.050584
v 0.721925 -0.136560 0.000493
v 0.544334 -0.140798 0.000493
v 0.551511 -0.130819 0.050584
v 0.544334 -0.140798 0.000493
v 0.366743 -0.145036 0.000493
v 0.375775 -0.135012 0.050584
v 0.366743 -0.145036 0.000493
v 0.181319 -0.127509 -0.000478
v 0.192450 -0.117704 0.049614
v -0.128017 -0.135080 -0.000877
v -0.180696 -0.123742 -0.050569
v -0.170900 -0.135568 -0.001005
v 0.013033 -0.128798 0.023782
v 0.001936 -0.129423 -0.021548
v -0.128017 -0.135080 -0.000877
v -0.170900 -0.135568 -0.001005
v -0.342719 -0.127989 -0.001005
v -0.325999 -0.118222 0.049087
v -0.342719 -0.127989 -0.001005
v -0.520362 -0.127573 -0.001005
v -0.501787 -0.117811 0.049087
v -0.723164 -0.125078 -0.000478
v -0.878884 -0.114907 -0.050569
v -0.875643 -0.124721 -0.000478
v -0.688652 -0.120672 0.022442
v -0.700391 -0.120322 -0.025046
v -0.723164 -0.125078 -0.000478
v -0.875643 -0.124721 -0.000478
v -1.053285 -0.124305 -0.000478
v -1.029144 -0.114556 0.049614
v 1.221273 0.125887 0.049614
v 1.046311 0.121712 0.049614
v 1.058192 0.131804 -0.000478
v 1.046311 0.121712 0.049614
v 0.871349 0.117536 0.049614
v 0.882297 0.127606 -0.000478
v 0.871349 0.117536 0.049614
v 0.696386 0.113361 0.049614
v 0.706402 0.123409 -0.000478
v 0.696386 0.113361 0.049614
v 0.528492 0.113854 0.049706
v 0.537575 0.123880 -0.000385
v 0.528492 0.113854 0.049706
v 0.353530 0.109679 0.049706
v 0.361681 0.119682 -0.000385
v 0.353530 0.109679 0.049706
v 0.174238 0.120321 0.049614
v 0.181701 0.130126 -0.000478
v 0.174238 0.120321 0.049614
v 0.002292 0.114283 0.049614
v 0.008822 0.124088 -0.000478
v 0.002292 0.114283 0.049614
v -0.172721 0.114283 0.049614
v -0.164364 0.126918 -0.002544
v -0.172721 0.114283 0.049614
v -0.341307 0.121859 0.049614
v -0.333853 0.134476 -0.002544
v -0.341307 0.121859 0.049614
v -0.516321 0.122269 0.049614
v -0.509799 0.134888 -0.002544
v -0.516321 0.122269 0.049614
v -0.691334 0.122678 0.049614
v -0.688512 0.132478 -0.000478
v -0.691334 0.122678 0.049614
v -0.866334 0.128589 0.051049
v -0.864458 0.132890 -0.000478
v -0.866334 0.128589 0.051049
v -1.041347 0.128999 0.051049
v -1.040404 0.133302 -0.000478
v 1.227136 -0.112068 -0.050569
v 1.051178 -0.116267 -0.050569
v 1.072637 -0.125563 -0.000478
v 1.051178 -0.116267 -0.050569
v 0.875219 -0.120466 -0.050569
v 0.895046 -0.129801 -0.000478
v 0.875219 -0.120466 -0.050569
v 0.694990 -0.122206 -0.050185
v 0.721925 -0.136560 0.000493
v 0.694990 -0.122206 -0.050185
v 0.519031 -0.126405 -0.050185
v 0.544334 -0.140798 0.000493
v 0.519031 -0.126405 -0.050185
v 0.343073 -0.130604 -0.050185
v 0.366743 -0.145036 0.000493
v 0.343073 -0.130604 -0.050185
v 0.168258 -0.117704 -0.050569
v 0.181319 -0.127509 -0.000478
v 0.019730 -0.123742 0.049614
v 0.106489 -0.127509 -0.000478
v 0.013033 -0.128798 0.023782
v -0.156058 -0.125762 0.049087
v 0.019730 -0.123742 0.049614
v -0.128017 -0.135080 -0.000877
v -0.180696 -0.123742 -0.050569
v -0.350854 -0.116144 -0.050569
v -0.342719 -0.127989 -0.001005
v -0.350854 -0.116144 -0.050569
v -0.526864 -0.115732 -0.050569
v -0.520362 -0.127573 -0.001005
v -0.677569 -0.115379 0.049614
v -0.562170 -0.127000 -0.000881
v -0.688652 -0.120672 0.022442
v -0.853357 -0.114967 0.049614
v -0.677569 -0.115379 0.049614
v -0.723164 -0.125078 -0.000478
v -0.878884 -0.114907 -0.050569
v -1.054894 -0.114495 -0.050569
v -1.053285 -0.124305 -0.000478
v 1.221273 0.125887 0.049614
v 1.221961 0.097971 0.092079
v 1.047490 0.093807 0.092079
v 1.046311 0.121712 0.049614
v 1.047490 0.093807 0.092079
v 0.873019 0.089644 0.092079
v 0.871349 0.117536 0.049614
v 0.873019 0.089644 0.092079
v 0.698548 0.085480 0.092079
v 0.698548 0.085480 0.092079
v 0.526147 0.085586 0.093997
v 0.528492 0.113854 0.049706
v 0.218649 0.075068 0.092552
v 0.193200 0.050605 0.120454
v 0.177187 0.092396 0.092079
v 0.355051 0.085881 0.081845
v 0.361155 0.060837 0.108124
v 0.218649 0.075068 0.092552
v 0.174238 0.120321 0.049614
v 0.177187 0.092396 0.092079
v 0.005732 0.086358 0.092079
v 0.002292 0.114283 0.049614
v 0.005732 0.086358 0.092079
v -0.156966 0.086370 0.098933
v -0.172721 0.114283 0.049614
v -0.156966 0.086370 0.098933
v -0.325128 0.093908 0.098933
v -0.341307 0.121859 0.049614
v -0.325128 0.093908 0.098933
v -0.505463 0.090923 0.095275
v -0.516321 0.122269 0.049614
v -0.505463 0.090923 0.095275
v -0.685996 0.094742 0.092079
v -0.691334 0.122678 0.049614
v -0.685996 0.094742 0.092079
v -0.860505 0.100651 0.093514
v -0.866334 0.128589 0.051049
v -0.860505 0.100651 0.093514
v -1.035027 0.101060 0.093514
v 1.227136 -0.112068 -0.050569
v 1.226448 -0.084152 -0.093034
v 1.052344 -0.088306 -0.093034
v 1.051178 -0.116267 -0.050569
v 1.052344 -0.088306 -0.093034
v 0.878240 -0.092461 -0.093034
v 0.875219 -0.120466 -0.050569
v 0.878240 -0.092461 -0.093034
v 0.699866 -0.094157 -0.092650
v 0.694990 -0.122206 -0.050185
v 0.699866 -0.094157 -0.092650
v 0.525762 -0.098312 -0.092650
v 0.519031 -0.126405 -0.050185
v 0.525762 -0.098312 -0.092650
v 0.351658 -0.102467 -0.092650
v 0.343073 -0.130604 -0.050185
v 0.351658 -0.102467 -0.092650
v 0.181355 -0.089976 -0.100094
v 0.168258 -0.117704 -0.050569
v 0.181355 -0.089976 -0.100094
v 0.010267 -0.096014 -0.100094
v -0.004685 -0.123742 -0.050569
v 0.010267 -0.096014 -0.100094
v -0.165854 -0.095818 -0.093034
v -0.180696 -0.123742 -0.050569
v -0.165854 -0.095818 -0.093034
v -0.334090 -0.088259 -0.093034
v -0.350854 -0.116144 -0.050569
v -0.334090 -0.088259 -0.093034
v -0.508245 -0.087851 -0.093034
v -0.526864 -0.115732 -0.050569
v -0.508245 -0.087851 -0.093034
v -0.682400 -0.087443 -0.093034
v -0.702874 -0.115320 -0.050569
v -0.682400 -0.087443 -0.093034
v -0.856555 -0.087035 -0.093034
v -0.878884 -0.114907 -0.050569
v -0.856555 -0.087035 -0.093034
v -1.030709 -0.086628 -0.093034
v 1.221961 0.097971 0.092079
v 1.251006 0.056860 0.120454
v 1.074534 0.052649 0.120454
v 1.047490 0.093807 0.092079
v 1.074534 0.052649 0.120454
v 0.898062 0.048438 0.120454
v 0.873019 0.089644 0.092079
v 0.898062 0.048438 0.120454
v 0.721590 0.044226 0.120454
v 0.698548 0.085480 0.092079
v 0.721590 0.044226 0.120454
v 0.547188 0.044285 0.122372
v 0.353530 0.109679 0.049706
v 0.470668 0.084262 0.093997
v 0.355051 0.085881 0.081845
v 0.174238 0.120321 0.049614
v 0.353530 0.109679 0.049706
v 0.218649 0.075068 0.092552
v 0.177187 0.092396 0.092079
v 0.193200 0.050605 0.120454
v 0.019744 0.044567 0.120454
v 0.005732 0.086358 0.092079
v 0.019744 0.044567 0.120454
v -0.144955 0.044579 0.127308
v -0.156966 0.086370 0.098933
v -0.144955 0.044579 0.127308
v -0.315220 0.052094 0.127308
v -0.325128 0.093908 0.098933
v -0.315220 0.052094 0.127308
v -0.497558 0.049113 0.123649
v -0.505463 0.090923 0.095275
v -0.497558 0.049113 0.123649
v -0.677296 0.053724 0.124539
v -0.685996 0.094742 0.092079
v -0.677296 0.053724 0.124539
v -0.853806 0.059639 0.125974
v -0.860505 0.100651 0.093514
v -0.853806 0.059639 0.125974
v -1.030329 0.060052 0.125974
v 1.226448 -0.084152 -0.093034
v 1.240938 -0.042002 -0.121409
v 1.065315 -0.046193 -0.121409
v 1.052344 -0.088306 -0.093034
v 1.065315 -0.046193 -0.121409
v 0.889692 -0.050384 -0.121409
v 0.878240 -0.092461 -0.093034
v 0.889692 -0.050384 -0.121409
v 0.709799 -0.052116 -0.121025
v 0.699866 -0.094157 -0.092650
v 0.709799 -0.052116 -0.121025
v 0.534177 -0.056307 -0.121025
v 0.498534 -0.055501 -0.121878
v 0.482488 -0.049767 -0.147149
v 0.462965 -0.069799 -0.139700
v 0.351658 -0.102467 -0.092650
v 0.358554 -0.060498 -0.121025
v 0.187763 -0.048184 -0.128468
v 0.181355 -0.089976 -0.100094
v 0.187763 -0.048184 -0.128468
v 0.015156 -0.054222 -0.128468
v 0.010267 -0.096014 -0.100094
v 0.015156 -0.054222 -0.128468
v -0.162485 -0.054026 -0.121409
v -0.165854 -0.095818 -0.093034
v -0.162485 -0.054026 -0.121409
v -0.332139 -0.046472 -0.121409
v -0.334090 -0.088259 -0.093034
v -0.332139 -0.046472 -0.121409
v -0.507813 -0.046060 -0.121409
v -0.507813 -0.046060 -0.121409
v -0.683487 -0.045649 -0.121409
v -0.682400 -0.087443 -0.093034
v -0.683487 -0.045649 -0.121409
v -0.859161 -0.045238 -0.121409
v -0.856555 -0.087035 -0.093034
v -0.859161 -0.045238 -0.121409
v -1.034835 -0.044826 -0.121409
v -1.030709 -0.086628 -0.093034
v 1.251006 0.056860 0.120454
v 1.252221 0.007578 0.130418
v 1.076115 0.003376 0.130418
v 1.074534 0.052649 0.120454
v 1.076115 0.003376 0.130418
v 0.900010 -0.000827 0.130418
v 0.898062 0.048438 0.120454
v 0.900010 -0.000827 0.130418
v 0.723905 -0.005029 0.130418
v 0.721590 0.044226 0.120454
v 0.723905 -0.005029 0.130418
v 0.549870 -0.004962 0.132336
v 0.547188 0.044285 0.122372
v 0.549870 -0.004962 0.132336
v 0.373765 -0.009165 0.132336
v 0.370716 0.040073 0.122372
v 0.373765 -0.009165 0.132336
v 0.195403 0.001308 0.130418
v 0.193200 0.050605 0.120454
v 0.195403 0.001308 0.130418
v 0.022313 -0.004730 0.130418
v 0.022313 -0.004730 0.130418
v -0.148038 -0.001322 0.134076
v -0.144955 0.044579 0.127308
v -0.144955 0.044579 0.127308
v -0.148038 -0.001322 0.134076
v -0.312036 0.002789 0.137272
v -0.363022 0.003166 0.137309
v -0.373580 -0.016628 0.166520
v -0.393803 0.003851 0.165058
v -0.497558 0.049113 0.123649
v -0.494007 -0.000192 0.133613
v -0.673378 0.004419 0.134503
v -0.677296 0.053724 0.124539
v -0.673378 0.004419 0.134503
v -0.849521 0.010332 0.135938
v -0.853806 0.059639 0.125974
v -0.849521 0.010332 0.135938
v -1.025678 0.010744 0.135938
v 1.222991 0.056192 -0.121409
v 1.048886 0.052037 -0.121409
v 1.064101 0.003089 -0.131373
v 1.048886 0.052037 -0.121409
v 0.874782 0.047882 -0.121409
v 0.888478 -0.001102 -0.131373
v 0.874782 0.047882 -0.121409
v 0.705805 0.047527 -0.124369
v 0.713713 0.000965 -0.133949
v 0.705805 0.047527 -0.124369
v 0.531701 0.043372 -0.124369
v 0.538090 -0.003226 -0.133949
v 0.488369 0.014639 -0.130045
v 0.459830 -0.002383 -0.155743
v 0.481189 -0.021842 -0.153794
v 0.357597 0.039217 -0.124369
v 0.184608 0.054281 -0.124369
v 0.187763 0.001112 -0.138432
v 0.184608 0.054281 -0.124369
v 0.008301 0.044567 -0.121409
v 0.015156 -0.004926 -0.138432
v 0.008301 0.044567 -0.121409
v -0.163094 0.047396 -0.123476
v -0.162485 -0.004730 -0.131373
v -0.163094 0.047396 -0.123476
v -0.325517 0.056522 -0.129473
v -0.326553 0.004398 -0.137370
v -0.326553 0.004398 -0.137370
v -0.325517 0.056522 -0.129473
v -0.499672 0.056929 -0.129473
v -0.502227 0.004809 -0.137370
v -0.499672 0.056929 -0.129473
v -0.676594 0.054514 -0.127406
v -0.677901 0.005221 -0.137370
v -0.676594 0.054514 -0.127406
v -0.856215 0.053349 -0.121409
v -0.859042 0.004059 -0.131373
v -0.856215 0.053349 -0.121409
v -1.030370 0.053756 -0.121409
v 1.239724 0.007280 -0.131373
v 1.064101 0.003089 -0.131373
v 1.065315 -0.046193 -0.121409
v 1.064101 0.003089 -0.131373
v 0.888478 -0.001102 -0.131373
v 0.889692 -0.050384 -0.121409
v 0.889692 -0.050384 -0.121409
v 0.888478 -0.001102 -0.131373
v 0.713713 0.000965 -0.133949
v 0.709799 -0.052116 -0.121025
v 0.713713 0.000965 -0.133949
v 0.538090 -0.003226 -0.133949
v 0.498534 -0.055501 -0.121878
v 0.501093 -0.004203 -0.134242
v 0.481189 -0.021842 -0.153794
v 0.362466 -0.007417 -0.133949
v 0.187763 0.001112 -0.138432
v 0.187763 -0.048184 -0.128468
v 0.187763 -0.048184 -0.128468
v 0.187763 0.001112 -0.138432
v 0.015156 -0.004926 -0.138432
v 0.015156 -0.054222 -0.128468
v 0.015156 -0.004926 -0.138432
v -0.162485 -0.004730 -0.131373
v -0.162485 -0.004730 -0.131373
v -0.326553 0.004398 -0.137370
v -0.332139 -0.046472 -0.121409
v -0.332139 -0.046472 -0.121409
v -0.326553 0.004398 -0.137370
v -0.502227 0.004809 -0.137370
v -0.507813 -0.046060 -0.121409
v -0.502227 0.004809 -0.137370
v -0.677901 0.005221 -0.137370
v -0.683487 -0.045649 -0.121409
v -0.677901 0.005221 -0.137370
v -0.859042 0.004059 -0.131373
v -0.859042 0.004059 -0.131373
v -1.034716 0.004470 -0.131373
v -1.034835 -0.044826 -0.121409
v -1.300874 0.066494 0.112236
v -1.198843 0.054488 0.120750
v -1.198845 0.051094 0.112955
v -1.198845 0.051094 0.112955
v -1.193231 0.004841 0.122301
v -1.193119 0.051081 0.112955
v -1.275360 0.043609 0.122708
v -1.275293 0.040479 0.115136
v -1.198845 0.051094 0.112955
v -0.372917 0.021165 0.132829
v -0.437134 0.019091 0.130446
v -0.497558 0.049113 0.123649
v -0.438656 -0.067990 0.111530
v -0.377735 -0.068096 0.111554
v -0.328084 -0.093689 0.094748
v -0.363022 0.003166 0.137309
v -0.312036 0.002789 0.137272
v -0.317969 -0.049901 0.123649
v -0.446042 0.000196 0.133728
v -0.445982 -0.050489 0.123125
v -0.494126 -0.049488 0.123649
v -0.366389 -0.047892 0.124515
v -0.317969 -0.049901 0.123649
v -0.328084 -0.093689 0.094748
v -0.438656 -0.067990 0.111530
v -0.502239 -0.093281 0.094748
v -0.494126 -0.049488 0.123649
v -0.363022 0.003166 0.137309
v -0.372917 0.021165 0.132829
v -0.315220 0.052094 0.127308
v -0.437134 0.019091 0.130446
v -0.446042 0.000196 0.133728
v -0.494007 -0.000192 0.133613
v -0.373580 -0.016628 0.166520
v -0.372726 -0.044488 0.160040
v -0.398661 -0.041277 0.183426
v -0.391741 -0.063410 0.149415
v -0.412191 -0.055722 0.174692
v -0.398661 -0.041277 0.183426
v -0.393803 0.003851 0.165058
v -0.373580 -0.016628 0.166520
v -0.399828 -0.020263 0.188152
v -0.372917 0.021165 0.132829
v -0.393803 0.003851 0.165058
v -0.421549 0.004952 0.156510
v -0.446042 0.000196 0.133728
v -0.437134 0.019091 0.130446
v -0.421549 0.004952 0.156510
v -0.445982 -0.050489 0.123125
v -0.439710 -0.041829 0.139406
v -0.419487 -0.062308 0.140868
v -0.446042 0.000196 0.133728
v -0.440564 -0.013969 0.145885
v -0.439710 -0.041829 0.139406
v -0.377735 -0.068096 0.111554
v -0.438656 -0.067990 0.111530
v -0.419487 -0.062308 0.140868
v -0.402448 -0.039694 0.182136
v -0.413990 -0.051991 0.174823
v -0.411027 -0.050381 0.168163
v -0.421549 0.004952 0.156510
v -0.393803 0.003851 0.165058
v -0.414093 -0.004430 0.183420
v -0.440564 -0.013969 0.145885
v -0.421549 0.004952 0.156510
v -0.434858 -0.004577 0.177824
v -0.439710 -0.041829 0.139406
v -0.445535 -0.038700 0.160207
v -0.432048 -0.054894 0.166065
v -0.440564 -0.013969 0.145885
v -0.447938 -0.018742 0.168410
v -0.445535 -0.038700 0.160207
v -0.419487 -0.062308 0.140868
v -0.432048 -0.054894 0.166065
v -0.412191 -0.055722 0.174692
v -0.434858 -0.004577 0.177824
v -0.432817 -0.008133 0.177359
v -0.444044 -0.020259 0.169338
v -0.447938 -0.018742 0.168410
v -0.444044 -0.020259 0.169338
v -0.441908 -0.037398 0.162146
v -0.432048 -0.054894 0.166065
v -0.445535 -0.038700 0.160207
v -0.441908 -0.037398 0.162146
v -0.412191 -0.055722 0.174692
v -0.432048 -0.054894 0.166065
v -0.430630 -0.051297 0.167594
v -0.412191 -0.055722 0.174692
v -0.413990 -0.051991 0.174823
v -0.402448 -0.039694 0.182136
v -0.398661 -0.041277 0.183426
v -0.402448 -0.039694 0.182136
v -0.403455 -0.021565 0.186213
v -0.414093 -0.004430 0.183420
v -0.399828 -0.020263 0.188152
v -0.403455 -0.021565 0.186213
v -0.414093 -0.004430 0.183420
v -0.415085 -0.007858 0.181556
v -0.432817 -0.008133 0.177359
v -0.400808 -0.020126 0.180262
v -0.441331 -0.018409 0.162663
v -0.413464 -0.006977 0.177913
v -0.441908 -0.037398 0.162146
v -0.440324 -0.036538 0.158586
v -0.427668 -0.049687 0.160934
v -0.415085 -0.007858 0.181556
v -0.413464 -0.006977 0.177913
v -0.430105 -0.006283 0.170684
v -0.403455 -0.021565 0.186213
v -0.402448 -0.039694 0.182136
v -0.399801 -0.038255 0.176184
v -0.430630 -0.051297 0.167594
v -0.427668 -0.049687 0.160934
v -0.411027 -0.050381 0.168163
v -0.441908 -0.037398 0.162146
v -0.444044 -0.020259 0.169338
v -0.441331 -0.018409 0.162663
v -0.432817 -0.008133 0.177359
v -0.430105 -0.006283 0.170684
v -0.441331 -0.018409 0.162663
v -0.415085 -0.007858 0.181556
v -0.403455 -0.021565 0.186213
v -0.400808 -0.020126 0.180262
v 0.406198 0.012695 -0.130042
v 0.488369 0.014639 -0.130045
v 0.531701 0.043372 -0.124369
v 0.403900 -0.077414 -0.108809
v 0.351658 -0.102467 -0.092650
v 0.525762 -0.098312 -0.092650
v 0.498534 -0.055501 -0.121878
v 0.485067 -0.075450 -0.108827
v 0.525762 -0.098312 -0.092650
v 0.403900 -0.077414 -0.108809
v 0.394888 -0.061121 -0.120284
v 0.358554 -0.060498 -0.121025
v 0.501093 -0.004203 -0.134242
v 0.538090 -0.003226 -0.133949
v 0.531701 0.043372 -0.124369
v 0.406198 0.012695 -0.130042
v 0.357597 0.039217 -0.124369
v 0.362466 -0.007417 -0.133949
v 0.501093 -0.004203 -0.134242
v 0.498534 -0.055501 -0.121878
v 0.534177 -0.056307 -0.121025
v 0.394888 -0.061121 -0.120284
v 0.397019 -0.006700 -0.133699
v 0.362466 -0.007417 -0.133949
v 0.459830 -0.002383 -0.155743
v 0.437608 -0.024707 -0.194171
v 0.445131 -0.031545 -0.194647
v 0.481189 -0.021842 -0.153794
v 0.445131 -0.031545 -0.194647
v 0.445952 -0.041350 -0.192375
v 0.434057 -0.070204 -0.135810
v 0.462965 -0.069799 -0.139700
v 0.437593 -0.050051 -0.195413
v 0.488369 0.014639 -0.130045
v 0.406198 0.012695 -0.130042
v 0.430922 -0.002789 -0.151853
v 0.394888 -0.061121 -0.120284
v 0.412698 -0.050745 -0.137759
v 0.411399 -0.022821 -0.144404
v 0.397019 -0.006700 -0.133699
v 0.411399 -0.022821 -0.144404
v 0.430922 -0.002789 -0.151853
v 0.403900 -0.077414 -0.108809
v 0.434057 -0.070204 -0.135810
v 0.412698 -0.050745 -0.137759
v 0.485067 -0.075450 -0.108827
v 0.462965 -0.069799 -0.139700
v 0.434057 -0.070204 -0.135810
v 0.428448 -0.026154 -0.191082
v 0.429222 -0.025505 -0.188472
v 0.437945 -0.025386 -0.191091
v 0.444585 -0.040822 -0.192105
v 0.445359 -0.040173 -0.189495
v 0.439706 -0.046418 -0.186216
v 0.443855 -0.032110 -0.194124
v 0.437171 -0.026034 -0.193700
v 0.437945 -0.025386 -0.191091
v 0.462965 -0.069799 -0.139700
v 0.482488 -0.049767 -0.147149
v 0.445952 -0.041350 -0.192375
v 0.430922 -0.002789 -0.151853
v 0.427790 -0.024841 -0.191224
v 0.437608 -0.024707 -0.194171
v 0.411399 -0.022821 -0.144404
v 0.412698 -0.050745 -0.137759
v 0.421503 -0.042299 -0.187773
v 0.411399 -0.022821 -0.144404
v 0.420682 -0.032494 -0.190046
v 0.427790 -0.024841 -0.191224
v 0.434057 -0.070204 -0.135810
v 0.427775 -0.050185 -0.192466
v 0.421503 -0.042299 -0.187773
v 0.428448 -0.026154 -0.191082
v 0.437171 -0.026034 -0.193700
v 0.437608 -0.024707 -0.194171
v 0.436936 -0.048739 -0.195555
v 0.428212 -0.048858 -0.192936
v 0.427775 -0.050185 -0.192466
v 0.444585 -0.040822 -0.192105
v 0.436936 -0.048739 -0.195555
v 0.437593 -0.050051 -0.195413
v 0.428212 -0.048858 -0.192936
v 0.422779 -0.041734 -0.188296
v 0.421503 -0.042299 -0.187773
v 0.443855 -0.032110 -0.194124
v 0.445131 -0.031545 -0.194647
v 0.437608 -0.024707 -0.194171
v 0.428448 -0.026154 -0.191082
v 0.427790 -0.024841 -0.191224
v 0.420682 -0.032494 -0.190046
v 0.444585 -0.040822 -0.192105
v 0.445952 -0.041350 -0.192375
v 0.445131 -0.031545 -0.194647
v 0.422050 -0.033023 -0.190315
v 0.420682 -0.032494 -0.190046
v 0.421503 -0.042299 -0.187773
v 0.430982 -0.046537 -0.183597
v 0.439706 -0.046418 -0.186216
v 0.445359 -0.040173 -0.189495
v 0.424298 -0.040461 -0.183174
v 0.444630 -0.031461 -0.191514
v 0.437945 -0.025386 -0.191091
v 0.423569 -0.031750 -0.185193
v 0.429222 -0.025505 -0.188472
v 0.445359 -0.040173 -0.189495
v 0.444630 -0.031461 -0.191514
v 0.424298 -0.040461 -0.183174
v 0.423569 -0.031750 -0.185193
v 0.422779 -0.041734 -0.188296
v 0.424298 -0.040461 -0.183174
v 0.423569 -0.031750 -0.185193
v 0.428448 -0.026154 -0.191082
v 0.422050 -0.033023 -0.190315
v 0.423569 -0.031750 -0.185193
v 0.422779 -0.041734 -0.188296
v 0.428212 -0.048858 -0.192936
v 0.430982 -0.046537 -0.183597
v 0.436936 -0.048739 -0.195555
v 0.439706 -0.046418 -0.186216
v 0.430982 -0.046537 -0.183597
v 0.444585 -0.040822 -0.192105
v 0.443855 -0.032110 -0.194124
v 0.444630 -0.031461 -0.191514
v -0.688652 -0.120672 0.022442
v -0.562170 -0.127000 -0.000881
v -0.700391 -0.120322 -0.025046
v -0.562170 -0.127000 -0.000881
v -0.702874 -0.115320 -0.050569
v -0.700391 -0.120322 -0.025046
v -0.160253 0.108714 -0.065408
v -0.045518 0.115232 -0.051263
v -0.161490 0.120062 -0.037568
v -0.686841 0.129507 -0.015631
v -0.817589 0.122974 -0.050569
v -0.681492 0.115348 -0.064016
v -0.329331 0.106796 -0.079803
v -0.160253 0.108714 -0.065408
v -0.161490 0.120062 -0.037568
v -0.501366 0.108530 -0.083058
v -0.329331 0.106796 -0.079803
v -0.330661 0.127613 -0.037567
v -0.681492 0.115348 -0.064016
v -0.501366 0.108530 -0.083058
v -0.506272 0.128024 -0.037567
v -0.045518 0.115232 -0.051263
v -0.164364 0.126918 -0.002544
v -0.161490 0.120062 -0.037568
v 0.355051 0.085881 0.081845
v 0.470668 0.084262 0.093997
v 0.361155 0.060837 0.108124
v 0.470668 0.084262 0.093997
v 0.370716 0.040073 0.122372
v 0.361155 0.060837 0.108124
v 0.376344 -0.049188 0.124547
v 0.527541 -0.061654 0.121424
v 0.371872 -0.078924 0.112224
v 0.190208 -0.061544 0.111250
v 0.074988 -0.047988 0.120454
v 0.195403 -0.031950 0.123695
v 0.195403 -0.031950 0.123695
v 0.376344 -0.049188 0.124547
v 0.371872 -0.078924 0.112224
v 0.371872 -0.078924 0.112224
v 0.527541 -0.061654 0.121424
v 0.534502 -0.103292 0.093050
v 0.013033 -0.128798 0.023782
v 0.106489 -0.127509 -0.000478
v 0.001936 -0.129423 -0.021548
v 0.106489 -0.127509 -0.000478
v -0.004685 -0.123742 -0.050569
v 0.001936 -0.129423 -0.021548
v -1.209412 0.116512 -0.047463
v -1.192939 0.125671 -0.000478
v -1.192961 0.116473 -0.047463
v 1.226309 -0.078505 -0.087295
v 1.213934 -0.039589 -0.113910
v 1.240863 -0.038946 -0.113910
v -1.034716 0.004470 -0.131373
v -1.210509 -0.044415 -0.121409
v -1.034835 -0.044826 -0.121409
v -1.034716 0.004470 -0.131373
v -1.204525 0.054164 -0.121409
v -1.210390 0.004881 -0.131373
v -1.198843 0.054488 0.120750
v -1.035027 0.101060 0.093514
v -1.030329 0.060052 0.125974
v -1.035027 0.101060 0.093514
v -1.198843 0.054488 0.120750
v -1.300802 0.096181 0.092079
v -1.034835 -0.044826 -0.121409
v -1.204864 -0.086220 -0.093034
v -1.030709 -0.086628 -0.093034
v -1.054894 -0.114495 -0.050569
v -1.204864 -0.086220 -0.093034
v -1.230904 -0.114083 -0.050569
v -1.041347 0.128999 0.051049
v -1.300802 0.096181 0.092079
v -1.307614 0.124122 0.049614
v -1.054894 -0.114495 -0.050569
v -1.230928 -0.123889 -0.000478
v -1.053285 -0.124305 -0.000478
v -1.041347 0.128999 0.051049
v -1.216350 0.133714 -0.000478
v -1.040404 0.133302 -0.000478
v -1.053285 -0.124305 -0.000478
v -1.204932 -0.114144 0.049614
v -1.029144 -0.114556 0.049614
v -1.040404 0.133302 -0.000478
v -1.209394 0.123892 -0.050569
v -1.033926 0.123481 -0.050569
v -1.030709 -0.086628 0.092079
v -1.204932 -0.114144 0.049614
v -1.204864 -0.086220 0.092079
v -1.033993 0.095557 -0.093034
v -1.209394 0.123892 -0.050569
v -1.209461 0.095967 -0.093034
v -1.030709 -0.086628 0.092079
v -1.204763 -0.044428 0.120454
v -1.025810 -0.044053 0.124539
v -1.033993 0.095557 -0.093034
v -1.204525 0.054164 -0.121409
v -1.030370 0.053756 -0.121409
v -1.025678 0.010744 0.135938
v -1.204763 -0.044428 0.120454
v -1.295885 0.005082 0.130418
v 1.240863 -0.038946 -0.113910
v 1.239724 0.007280 -0.131373
v 1.240938 -0.042002 -0.121409
v 1.240863 -0.038946 -0.113910
v 1.226448 -0.084152 -0.093034
v 1.226309 -0.078505 -0.087295
v 1.226954 -0.104690 -0.047463
v 1.226448 -0.084152 -0.093034
v 1.227136 -0.112068 -0.050569
v 1.226954 -0.104690 -0.047463
v 1.250228 -0.121325 -0.000478
v 1.250031 -0.113339 -0.000478
v 1.250031 -0.113339 -0.000478
v 1.249987 -0.111522 0.049614
v 1.249805 -0.104144 0.046508
v 1.249805 -0.104144 0.046508
v 1.226448 -0.084152 0.092079
v 1.226309 -0.078505 0.086340
v 1.253360 -0.038648 0.112955
v 1.226448 -0.084152 0.092079
v 1.253435 -0.041704 0.120454
v 1.252221 0.007578 0.122301
v 1.253435 -0.041704 0.120454
v 1.252221 0.007578 0.130418
v 1.252221 0.007578 0.122301
v 1.251006 0.056860 0.120454
v 1.251082 0.053804 0.112955
v 1.222100 0.092324 0.086340
v 1.251006 0.056860 0.120454
v 1.221961 0.097971 0.092079
v 1.221455 0.118509 0.046508
v 1.221961 0.097971 0.092079
v 1.221273 0.125887 0.049614
v 1.221455 0.118509 0.046508
v 1.234087 0.136001 -0.000478
v 1.234284 0.128015 -0.000478
v 1.234796 0.118827 -0.047463
v 1.234087 0.136001 -0.000478
v 1.234614 0.126205 -0.050569
v 1.234796 0.118827 -0.047463
v 1.235302 0.098289 -0.093034
v 1.235441 0.092642 -0.087295
v 1.223066 0.053136 -0.113910
v 1.235302 0.098289 -0.093034
v 1.222991 0.056192 -0.121409
v 1.239724 0.007280 -0.123256
v 1.222991 0.056192 -0.121409
v 1.239724 0.007280 -0.131373
v -1.210390 0.004881 -0.123256
v -1.210509 -0.044415 -0.121409
v -1.210390 0.004881 -0.131373
v -1.210502 -0.041358 -0.113910
v -1.204864 -0.086220 -0.093034
v -1.210509 -0.044415 -0.121409
v -1.204850 -0.080571 -0.087295
v -1.230904 -0.114083 -0.050569
v -1.204864 -0.086220 -0.093034
v -1.230886 -0.106703 -0.047463
v -1.230928 -0.123889 -0.000478
v -1.230904 -0.114083 -0.050569
v -1.204914 -0.106764 0.046508
v -1.230928 -0.123889 -0.000478
v -1.230909 -0.115901 -0.000478
v -1.204914 -0.106764 0.046508
v -1.204864 -0.086220 0.092079
v -1.204932 -0.114144 0.049614
v -1.204756 -0.041372 0.112955
v -1.204864 -0.086220 0.092079
v -1.204850 -0.080571 0.086340
v -1.295885 0.005082 0.122301
v -1.204763 -0.044428 0.120454
v -1.204756 -0.041372 0.112955
v -1.193119 0.051081 0.112955
v -1.193024 0.090280 0.086340
v -1.198845 0.051094 0.112955
v -1.198845 0.051094 0.112955
v -1.193024 0.090280 0.086340
v -1.300882 0.063437 0.104737
v -1.295885 0.005082 0.130418
v -1.198843 0.054488 0.120750
v -1.025678 0.010744 0.135938
v -1.025678 0.010744 0.135938
v -1.198843 0.054488 0.120750
v -1.030329 0.060052 0.125974
v -1.307632 0.116742 0.046508
v -1.300802 0.096181 0.092079
v -1.300816 0.090533 0.086340
v -1.307632 0.116742 0.046508
v -1.216350 0.133714 -0.000478
v -1.307614 0.124122 0.049614
v -1.209412 0.116512 -0.047463
v -1.216350 0.133714 -0.000478
v -1.216369 0.125725 -0.000478
v -1.209412 0.116512 -0.047463
v -1.209461 0.095967 -0.093034
v -1.209394 0.123892 -0.050569
v -1.209475 0.090319 -0.087295
v -1.204525 0.054164 -0.121409
v -1.209461 0.095967 -0.093034
v -1.210390 0.004881 -0.123256
v -1.204525 0.054164 -0.121409
v -1.204532 0.051107 -0.113910
v 1.223066 0.053136 -0.113910
v 1.212795 0.006637 -0.123256
v 1.211656 0.052863 -0.113910
v 1.226309 -0.078505 -0.087295
v 1.215545 -0.104962 -0.047463
v 1.214899 -0.078777 -0.087295
v -1.209412 0.116512 -0.047463
v -1.193024 0.090280 -0.087295
v -1.209475 0.090319 -0.087295
v -1.210502 -0.041358 -0.113910
v -1.193231 0.004841 -0.123256
v -1.193916 -0.041760 -0.114691
v 1.226954 -0.104690 -0.047463
v 1.215771 -0.114157 -0.000478
v 1.215545 -0.104962 -0.047463
v -1.204532 0.051107 -0.113910
v -1.193024 0.090280 -0.087295
v -1.193119 0.051081 -0.113910
v -1.204850 -0.080571 -0.087295
v -1.193916 -0.041760 -0.114691
v -1.194011 -0.080960 -0.088076
v 1.249805 -0.104144 0.046508
v 1.215771 -0.114157 -0.000478
v 1.250031 -0.113339 -0.000478
v -1.204532 0.051107 -0.113910
v -1.193231 0.004841 -0.123256
v -1.210390 0.004881 -0.123256
v -1.204850 -0.080571 -0.087295
v -1.193501 -0.106791 -0.047463
v -1.230886 -0.106703 -0.047463
v 1.226309 -0.078505 0.086340
v 1.215545 -0.104962 0.046508
v 1.249805 -0.104144 0.046508
v -1.230909 -0.115901 -0.000478
v -1.193501 -0.106791 -0.047463
v -1.193523 -0.115988 -0.000478
v 1.226309 -0.078505 0.086340
v 1.213934 -0.039589 0.112955
v 1.214899 -0.078777 0.086340
v -1.204914 -0.106764 0.046508
v -1.193523 -0.115988 -0.000478
v -1.193501 -0.106791 0.046508
v 1.253360 -0.038648 0.112955
v 1.212795 0.006637 0.122301
v 1.213934 -0.039589 0.112955
v -1.204914 -0.106764 0.046508
v -1.193437 -0.080598 0.086340
v -1.204850 -0.080571 0.086340
v 1.252221 0.007578 0.122301
v 1.211656 0.052863 0.112955
v 1.212795 0.006637 0.122301
v -1.204850 -0.080571 0.086340
v -1.193343 -0.041398 0.112955
v -1.204756 -0.041372 0.112955
v 1.222100 0.092324 0.086340
v 1.211656 0.052863 0.112955
v 1.251082 0.053804 0.112955
v -1.204756 -0.041372 0.112955
v -1.193231 0.004841 0.122301
v -1.295885 0.005082 0.122301
v 1.221455 0.118509 0.046508
v 1.210690 0.092052 0.086340
v 1.222100 0.092324 0.086340
v -1.275293 0.040479 0.115136
v -1.295885 0.005082 0.130418
v -1.295885 0.005082 0.122301
v 1.221455 0.118509 0.046508
v 1.209819 0.127432 -0.000478
v 1.210045 0.118237 0.046508
v -1.300882 0.063437 0.104737
v -1.300802 0.096181 0.092079
v -1.300874 0.066494 0.112236
v 1.234284 0.128015 -0.000478
v 1.210045 0.118237 -0.047463
v 1.209819 0.127432 -0.000478
v -1.300816 0.090533 0.086340
v -1.192961 0.116473 0.046508
v -1.307632 0.116742 0.046508
v 1.234796 0.118827 -0.047463
v 1.210690 0.092052 -0.087295
v 1.210045 0.118237 -0.047463
v 1.239724 0.007280 -0.123256
v 1.213934 -0.039589 -0.113910
v 1.212795 0.006637 -0.123256
v -1.216369 0.125725 -0.000478
v -1.192961 0.116473 0.046508
v -1.192939 0.125671 -0.000478
v 1.223066 0.053136 -0.113910
v 1.210690 0.092052 -0.087295
v 1.235441 0.092642 -0.087295
v 1.252221 0.007578 0.130418
v 1.077330 -0.045906 0.120454
v 1.076115 0.003376 0.130418
v 1.077330 -0.045906 0.120454
v 0.900010 -0.000827 0.130418
v 1.076115 0.003376 0.130418
v 0.900010 -0.000827 0.130418
v 0.729589 -0.056833 0.121424
v 0.723905 -0.005029 0.130418
v 0.723905 -0.005029 0.130418
v 0.553484 -0.061035 0.121424
v 0.549870 -0.004962 0.132336
v 0.360397 -0.107447 0.093050
v 0.190208 -0.061544 0.111250
v 0.371872 -0.078924 0.112224
v 0.008301 -0.095817 0.092079
v 0.074988 -0.047988 0.120454
v 0.179389 -0.089780 0.092079
v 0.179389 -0.089780 0.092079
v 0.074988 -0.047988 0.120454
v 0.190208 -0.061544 0.111250
v 0.022313 -0.054026 0.120454
v -0.148038 -0.001322 0.134076
v 0.022313 -0.004730 0.130418
v -0.153844 -0.054026 0.120454
v -0.312036 0.002789 0.137272
v -0.148038 -0.001322 0.134076
v -0.366389 -0.047892 0.124515
v -0.373580 -0.016628 0.166520
v -0.363022 0.003166 0.137309
v -0.494007 -0.000192 0.133613
v -0.673497 -0.044878 0.124539
v -0.673378 0.004419 0.134503
v -0.673378 0.004419 0.134503
v -0.849654 -0.044465 0.124539
v -0.849521 0.010332 0.135938
v -0.849654 -0.044465 0.124539
v -1.025678 0.010744 0.135938
v -0.849521 0.010332 0.135938
v 1.222991 0.056192 -0.121409
v 1.059885 0.094103 -0.093034
v 1.048886 0.052037 -0.121409
v 1.048886 0.052037 -0.121409
v 0.884468 0.089917 -0.093034
v 0.874782 0.047882 -0.121409
v 0.874782 0.047882 -0.121409
v 0.714179 0.089530 -0.095995
v 0.705805 0.047527 -0.124369
v 0.705805 0.047527 -0.124369
v 0.538762 0.085344 -0.095995
v 0.531701 0.043372 -0.124369
v 0.531701 0.043372 -0.124369
v 0.363345 0.081158 -0.095995
v 0.357597 0.039217 -0.124369
v 0.357597 0.039217 -0.124369
v 0.190075 0.096072 -0.095995
v 0.184608 0.054281 -0.124369
v 0.184608 0.054281 -0.124369
v 0.012455 0.086358 -0.093034
v 0.008301 0.044567 -0.121409
v 0.008301 0.044567 -0.121409
v -0.160253 0.089188 -0.095101
v -0.163094 0.047396 -0.123476
v -0.160253 0.089188 -0.095101
v -0.325517 0.056522 -0.129473
v -0.163094 0.047396 -0.123476
v -0.329355 0.096736 -0.095101
v -0.499672 0.056929 -0.129473
v -0.325517 0.056522 -0.129473
v -0.499356 0.098720 -0.101099
v -0.676594 0.054514 -0.127406
v -0.499672 0.056929 -0.129473
v -0.677591 0.096308 -0.099032
v -0.856215 0.053349 -0.121409
v -0.676594 0.054514 -0.127406
v -0.858526 0.095146 -0.093034
v -1.030370 0.053756 -0.121409
v -0.856215 0.053349 -0.121409
v 1.226448 -0.084152 0.092079
v 1.077330 -0.045906 0.120454
v 1.253435 -0.041704 0.120454
v 1.052344 -0.088306 0.092079
v 0.901224 -0.050109 0.120454
v 1.077330 -0.045906 0.120454
v 0.878240 -0.092461 0.092079
v 0.729589 -0.056833 0.121424
v 0.901224 -0.050109 0.120454
v 0.708606 -0.099137 0.093050
v 0.553484 -0.061035 0.121424
v 0.729589 -0.056833 0.121424
v 0.527541 -0.061654 0.121424
v 0.549870 -0.004962 0.132336
v 0.553484 -0.061035 0.121424
v 0.549870 -0.004962 0.132336
v 0.527541 -0.061654 0.121424
v 0.373765 -0.009165 0.132336
v 0.373765 -0.009165 0.132336
v 0.195403 -0.031950 0.123695
v 0.195403 0.001308 0.130418
v 0.022313 -0.054026 0.120454
v 0.022313 -0.004730 0.130418
v 0.074988 -0.047988 0.120454
v 0.074988 -0.047988 0.120454
v 0.195403 0.001308 0.130418
v 0.195403 -0.031950 0.123695
v 0.008301 -0.095817 0.092079
v -0.153844 -0.054026 0.120454
v 0.022313 -0.054026 0.120454
v -0.165854 -0.097838 0.091552
v -0.317969 -0.049901 0.123649
v -0.153844 -0.054026 0.120454
v -0.366389 -0.047892 0.124515
v -0.391741 -0.063410 0.149415
v -0.372726 -0.044488 0.160040
v -0.502239 -0.093281 0.094748
v -0.673497 -0.044878 0.124539
v -0.494126 -0.049488 0.123649
v -0.682400 -0.087443 0.092079
v -0.849654 -0.044465 0.124539
v -0.673497 -0.044878 0.124539
v -0.856555 -0.087035 0.092079
v -1.025810 -0.044053 0.124539
v -0.849654 -0.044465 0.124539
v 1.235302 0.098289 -0.093034
v 1.059197 0.122019 -0.050569
v 1.059885 0.094103 -0.093034
v 1.059885 0.094103 -0.093034
v 0.883781 0.117833 -0.050569
v 0.884468 0.089917 -0.093034
v 0.883781 0.117833 -0.050569
v 0.714179 0.089530 -0.095995
v 0.884468 0.089917 -0.093034
v 0.708364 0.113647 -0.050569
v 0.538762 0.085344 -0.095995
v 0.714179 0.089530 -0.095995
v 0.538762 0.085344 -0.095995
v 0.364598 0.109943 -0.050477
v 0.363345 0.081158 -0.095995
v 0.364598 0.109943 -0.050477
v 0.190075 0.096072 -0.095995
v 0.363345 0.081158 -0.095995
v 0.184855 0.120321 -0.050569
v 0.012455 0.086358 -0.093034
v 0.190075 0.096072 -0.095995
v -0.164364 0.126918 -0.002544
v -0.330661 0.127613 -0.037567
v -0.161490 0.120062 -0.037568
v -0.333853 0.134476 -0.002544
v -0.506272 0.128024 -0.037567
v -0.330661 0.127613 -0.037567
v -0.509799 0.134888 -0.002544
v -0.686841 0.129507 -0.015631
v -0.506272 0.128024 -0.037567
v -0.864458 0.132890 -0.000478
v -0.817589 0.122974 -0.050569
v -0.688512 0.132478 -0.000478
v -0.688512 0.132478 -0.000478
v -0.817589 0.122974 -0.050569
v -0.686841 0.129507 -0.015631
v -0.858526 0.095146 -0.093034
v -1.033926 0.123481 -0.050569
v -1.033993 0.095557 -0.093034
v 1.226448 -0.084152 0.092079
v 1.074250 -0.115716 0.049614
v 1.052344 -0.088306 0.092079
v 1.052344 -0.088306 0.092079
v 0.898514 -0.119910 0.049614
v 0.878240 -0.092461 0.092079
v 0.878240 -0.092461 0.092079
v 0.727248 -0.126625 0.050584
v 0.708606 -0.099137 0.093050
v 0.708606 -0.099137 0.093050
v 0.551511 -0.130819 0.050584
v 0.534502 -0.103292 0.093050
v 0.534502 -0.103292 0.093050
v 0.375775 -0.135012 0.050584
v 0.360397 -0.107447 0.093050
v 0.360397 -0.107447 0.093050
v 0.192450 -0.117704 0.049614
v 0.179389 -0.089780 0.092079
v 0.179389 -0.089780 0.092079
v 0.019730 -0.123742 0.049614
v 0.008301 -0.095817 0.092079
v 0.008301 -0.095817 0.092079
v -0.156058 -0.125762 0.049087
v -0.165854 -0.097838 0.091552
v -0.165854 -0.097838 0.091552
v -0.325999 -0.118222 0.049087
v -0.328084 -0.093689 0.094748
v -0.328084 -0.093689 0.094748
v -0.501787 -0.117811 0.049087
v -0.502239 -0.093281 0.094748
v -0.502239 -0.093281 0.094748
v -0.677569 -0.115379 0.049614
v -0.682400 -0.087443 0.092079
v -0.682400 -0.087443 0.092079
v -0.853357 -0.114967 0.049614
v -0.856555 -0.087035 0.092079
v -0.856555 -0.087035 0.092079
v -1.029144 -0.114556 0.049614
v -1.030709 -0.086628 0.092079
v 1.234087 0.136001 -0.000478
v 1.059197 0.122019 -0.050569
v 1.234614 0.126205 -0.050569
v 1.058192 0.131804 -0.000478
v 0.883781 0.117833 -0.050569
v 1.059197 0.122019 -0.050569
v 0.882297 0.127606 -0.000478
v 0.708364 0.113647 -0.050569
v 0.883781 0.117833 -0.050569
v 0.706402 0.123409 -0.000478
v 0.540015 0.114129 -0.050477
v 0.708364 0.113647 -0.050569
v 0.537575 0.123880 -0.000385
v 0.364598 0.109943 -0.050477
v 0.540015 0.114129 -0.050477
v 0.361681 0.119682 -0.000385
v 0.184855 0.120321 -0.050569
v 0.364598 0.109943 -0.050477
v 0.181701 0.130126 -0.000478
v 0.012455 0.114283 -0.050569
v 0.184855 0.120321 -0.050569
v -0.045518 0.115232 -0.051263
v 0.012455 0.086358 -0.093034
v 0.012455 0.114283 -0.050569
v 0.012455 0.086358 -0.093034
v -0.045518 0.115232 -0.051263
v -0.160253 0.089188 -0.095101
v -0.160253 0.089188 -0.095101
v -0.329331 0.106796 -0.079803
v -0.329355 0.096736 -0.095101
v -0.329331 0.106796 -0.079803
v -0.499356 0.098720 -0.101099
v -0.329355 0.096736 -0.095101
v -0.501366 0.108530 -0.083058
v -0.677591 0.096308 -0.099032
v -0.499356 0.098720 -0.101099
v -0.858458 0.123070 -0.050569
v -0.858526 0.095146 -0.093034
v -0.817589 0.122974 -0.050569
v -0.817589 0.122974 -0.050569
v -0.677591 0.096308 -0.099032
v -0.681492 0.115348 -0.064016
v -0.864458 0.132890 -0.000478
v -1.033926 0.123481 -0.050569
v -0.858458 0.123070 -0.050569
v 1.250228 -0.121325 -0.000478
v 1.074250 -0.115716 0.049614
v 1.249987 -0.111522 0.049614
v 1.072637 -0.125563 -0.000478
v 0.898514 -0.119910 0.049614
v 1.074250 -0.115716 0.049614
v 0.895046 -0.129801 -0.000478
v 0.727248 -0.126625 0.050584
v 0.898514 -0.119910 0.049614
v 0.721925 -0.136560 0.000493
v 0.551511 -0.130819 0.050584
v 0.727248 -0.126625 0.050584
v 0.544334 -0.140798 0.000493
v 0.375775 -0.135012 0.050584
v 0.551511 -0.130819 0.050584
v 0.366743 -0.145036 0.000493
v 0.192450 -0.117704 0.049614
v 0.375775 -0.135012 0.050584
v -0.180696 -0.123742 -0.050569
v -0.128017 -0.135080 -0.000877
v -0.004685 -0.123742 -0.050569
v -0.004685 -0.123742 -0.050569
v -0.128017 -0.135080 -0.000877
v 0.001936 -0.129423 -0.021548
v -0.170900 -0.135568 -0.001005
v -0.325999 -0.118222 0.049087
v -0.156058 -0.125762 0.049087
v -0.342719 -0.127989 -0.001005
v -0.501787 -0.117811 0.049087
v -0.325999 -0.118222 0.049087
v -0.878884 -0.114907 -0.050569
v -0.723164 -0.125078 -0.000478
v -0.702874 -0.115320 -0.050569
v -0.702874 -0.115320 -0.050569
v -0.723164 -0.125078 -0.000478
v -0.700391 -0.120322 -0.025046
v -0.875643 -0.124721 -0.000478
v -1.029144 -0.114556 0.049614
v -0.853357 -0.114967 0.049614
v 1.221273 0.125887 0.049614
v 1.058192 0.131804 -0.000478
v 1.234087 0.136001 -0.000478
v 1.046311 0.121712 0.049614
v 0.882297 0.127606 -0.000478
v 1.058192 0.131804 -0.000478
v 0.871349 0.117536 0.049614
v 0.706402 0.123409 -0.000478
v 0.882297 0.127606 -0.000478
v 0.696386 0.113361 0.049614
v 0.537575 0.123880 -0.000385
v 0.706402 0.123409 -0.000478
v 0.528492 0.113854 0.049706
v 0.361681 0.119682 -0.000385
v 0.537575 0.123880 -0.000385
v 0.353530 0.109679 0.049706
v 0.181701 0.130126 -0.000478
v 0.361681 0.119682 -0.000385
v 0.174238 0.120321 0.049614
v 0.008822 0.124088 -0.000478
v 0.181701 0.130126 -0.000478
v 0.002292 0.114283 0.049614
v -0.164364 0.126918 -0.002544
v 0.008822 0.124088 -0.000478
v -0.172721 0.114283 0.049614
v -0.333853 0.134476 -0.002544
v -0.164364 0.126918 -0.002544
v -0.341307 0.121859 0.049614
v -0.509799 0.134888 -0.002544
v -0.333853 0.134476 -0.002544
v -0.516321 0.122269 0.049614
v -0.688512 0.132478 -0.000478
v -0.509799 0.134888 -0.002544
v -0.691334 0.122678 0.049614
v -0.864458 0.132890 -0.000478
v -0.688512 0.132478 -0.000478
v -0.866334 0.128589 0.051049
v -1.040404 0.133302 -0.000478
v -0.864458 0.132890 -0.000478
v 1.227136 -0.112068 -0.050569
v 1.072637 -0.125563 -0.000478
v 1.250228 -0.121325 -0.000478
v 1.051178 -0.116267 -0.050569
v 0.895046 -0.129801 -0.000478
v 1.072637 -0.125563 -0.000478
v 0.875219 -0.120466 -0.050569
v 0.721925 -0.136560 0.000493
v 0.895046 -0.129801 -0.000478
v 0.694990 -0.122206 -0.050185
v 0.544334 -0.140798 0.000493
v 0.721925 -0.136560 0.000493
v 0.519031 -0.126405 -0.050185
v 0.366743 -0.145036 0.000493
v 0.544334 -0.140798 0.000493
v 0.343073 -0.130604 -0.050185
v 0.181319 -0.127509 -0.000478
v 0.366743 -0.145036 0.000493
v 0.106489 -0.127509 -0.000478
v 0.192450 -0.117704 0.049614
v 0.181319 -0.127509 -0.000478
v 0.192450 -0.117704 0.049614
v 0.106489 -0.127509 -0.000478
v 0.019730 -0.123742 0.049614
v -0.170900 -0.135568 -0.001005
v -0.156058 -0.125762 0.049087
v -0.128017 -0.135080 -0.000877
v -0.128017 -0.135080 -0.000877
v 0.019730 -0.123742 0.049614
v 0.013033 -0.128798 0.023782
v -0.180696 -0.123742 -0.050569
v -0.342719 -0.127989 -0.001005
v -0.170900 -0.135568 -0.001005
v -0.350854 -0.116144 -0.050569
v -0.520362 -0.127573 -0.001005
v -0.342719 -0.127989 -0.001005
v -0.562170 -0.127000 -0.000881
v -0.501787 -0.117811 0.049087
v -0.520362 -0.127573 -0.001005
v -0.501787 -0.117811 0.049087
v -0.562170 -0.127000 -0.000881
v -0.677569 -0.115379 0.049614
v -0.875643 -0.124721 -0.000478
v -0.853357 -0.114967 0.049614
v -0.723164 -0.125078 -0.000478
v -0.723164 -0.125078 -0.000478
v -0.677569 -0.115379 0.049614
v -0.688652 -0.120672 0.022442
v -0.878884 -0.114907 -0.050569
v -1.053285 -0.124305 -0.000478
v -0.875643 -0.124721 -0.000478
v 1.221273 0.125887 0.049614
v 1.047490 0.093807 0.092079
v 1.046311 0.121712 0.049614
v 1.046311 0.121712 0.049614
v 0.873019 0.089644 0.092079
v 0.871349 0.117536 0.049614
v 0.871349 0.117536 0.049614
v 0.698548 0.085480 0.092079
v 0.696386 0.113361 0.049614
v 0.698548 0.085480 0.092079
v 0.528492 0.113854 0.049706
v 0.696386 0.113361 0.049614
v 0.193200 0.050605 0.120454
v 0.218649 0.075068 0.092552
v 0.370716 0.040073 0.122372
v 0.370716 0.040073 0.122372
v 0.218649 0.075068 0.092552
v 0.361155 0.060837 0.108124
v 0.174238 0.120321 0.049614
v 0.005732 0.086358 0.092079
v 0.002292 0.114283 0.049614
v 0.002292 0.114283 0.049614
v -0.156966 0.086370 0.098933
v -0.172721 0.114283 0.049614
v -0.172721 0.114283 0.049614
v -0.325128 0.093908 0.098933
v -0.341307 0.121859 0.049614
v -0.341307 0.121859 0.049614
v -0.505463 0.090923 0.095275
v -0.516321 0.122269 0.049614
v -0.516321 0.122269 0.049614
v -0.685996 0.094742 0.092079
v -0.691334 0.122678 0.049614
v -0.691334 0.122678 0.049614
v -0.860505 0.100651 0.093514
v -0.866334 0.128589 0.051049
v -0.866334 0.128589 0.051049
v -1.035027 0.101060 0.093514
v -1.041347 0.128999 0.051049
v 1.227136 -0.112068 -0.050569
v 1.052344 -0.088306 -0.093034
v 1.051178 -0.116267 -0.050569
v 1.051178 -0.116267 -0.050569
v 0.878240 -0.092461 -0.093034
v 0.875219 -0.120466 -0.050569
v 0.875219 -0.120466 -0.050569
v 0.699866 -0.094157 -0.092650
v 0.694990 -0.122206 -0.050185
v 0.694990 -0.122206 -0.050185
v 0.525762 -0.098312 -0.092650
v 0.519031 -0.126405 -0.050185
v 0.519031 -0.126405 -0.050185
v 0.351658 -0.102467 -0.092650
v 0.343073 -0.130604 -0.050185
v 0.343073 -0.130604 -0.050185
v 0.181355 -0.089976 -0.100094
v 0.168258 -0.117704 -0.050569
v 0.168258 -0.117704 -0.050569
v 0.010267 -0.096014 -0.100094
v -0.004685 -0.123742 -0.050569
v -0.004685 -0.123742 -0.050569
v -0.165854 -0.095818 -0.093034
v -0.180696 -0.123742 -0.050569
v -0.180696 -0.123742 -0.050569
v -0.334090 -0.088259 -0.093034
v -0.350854 -0.116144 -0.050569
v -0.350854 -0.116144 -0.050569
v -0.508245 -0.087851 -0.093034
v -0.526864 -0.115732 -0.050569
v -0.526864 -0.115732 -0.050569
v -0.682400 -0.087443 -0.093034
v -0.702874 -0.115320 -0.050569
v -0.702874 -0.115320 -0.050569
v -0.856555 -0.087035 -0.093034
v -0.878884 -0.114907 -0.050569
v -0.878884 -0.114907 -0.050569
v -1.030709 -0.086628 -0.093034
v -1.054894 -0.114495 -0.050569
v 1.221961 0.097971 0.092079
v 1.074534 0.052649 0.120454
v 1.047490 0.093807 0.092079
v 1.047490 0.093807 0.092079
v 0.898062 0.048438 0.120454
v 0.873019 0.089644 0.092079
v 0.873019 0.089644 0.092079
v 0.721590 0.044226 0.120454
v 0.698548 0.085480 0.092079
v 0.698548 0.085480 0.092079
v 0.547188 0.044285 0.122372
v 0.526147 0.085586 0.093997
v 0.470668 0.084262 0.093997
v 0.528492 0.113854 0.049706
v 0.526147 0.085586 0.093997
v 0.528492 0.113854 0.049706
v 0.470668 0.084262 0.093997
v 0.353530 0.109679 0.049706
v 0.177187 0.092396 0.092079
v 0.174238 0.120321 0.049614
v 0.218649 0.075068 0.092552
v 0.218649 0.075068 0.092552
v 0.353530 0.109679 0.049706
v 0.355051 0.085881 0.081845
v 0.177187 0.092396 0.092079
v 0.019744 0.044567 0.120454
v 0.005732 0.086358 0.092079
v 0.005732 0.086358 0.092079
v -0.144955 0.044579 0.127308
v -0.156966 0.086370 0.098933
v -0.156966 0.086370 0.098933
v -0.315220 0.052094 0.127308
v -0.325128 0.093908 0.098933
v -0.325128 0.093908 0.098933
v -0.497558 0.049113 0.123649
v -0.505463 0.090923 0.095275
v -0.505463 0.090923 0.095275
v -0.677296 0.053724 0.124539
v -0.685996 0.094742 0.092079
v -0.685996 0.094742 0.092079
v -0.853806 0.059639 0.125974
v -0.860505 0.100651 0.093514
v -0.860505 0.100651 0.093514
v -1.030329 0.060052 0.125974
v -1.035027 0.101060 0.093514
v 1.226448 -0.084152 -0.093034
v 1.065315 -0.046193 -0.121409
v 1.052344 -0.088306 -0.093034
v 1.052344 -0.088306 -0.093034
v 0.889692 -0.050384 -0.121409
v 0.878240 -0.092461 -0.093034
v 0.878240 -0.092461 -0.093034
v 0.709799 -0.052116 -0.121025
v 0.699866 -0.094157 -0.092650
v 0.699866 -0.094157 -0.092650
v 0.534177 -0.056307 -0.121025
v 0.525762 -0.098312 -0.092650
v 0.498534 -0.055501 -0.121878
v 0.462965 -0.069799 -0.139700
v 0.485067 -0.075450 -0.108827
v 0.351658 -0.102467 -0.092650
v 0.187763 -0.048184 -0.128468
v 0.181355 -0.089976 -0.100094
v 0.181355 -0.089976 -0.100094
v 0.015156 -0.054222 -0.128468
v 0.010267 -0.096014 -0.100094
v 0.010267 -0.096014 -0.100094
v -0.162485 -0.054026 -0.121409
v -0.165854 -0.095818 -0.093034
v -0.165854 -0.095818 -0.093034
v -0.332139 -0.046472 -0.121409
v -0.334090 -0.088259 -0.093034
v -0.334090 -0.088259 -0.093034
v -0.507813 -0.046060 -0.121409
v -0.508245 -0.087851 -0.093034
v -0.507813 -0.046060 -0.121409
v -0.682400 -0.087443 -0.093034
v -0.508245 -0.087851 -0.093034
v -0.683487 -0.045649 -0.121409
v -0.856555 -0.087035 -0.093034
v -0.682400 -0.087443 -0.093034
v -0.859161 -0.045238 -0.121409
v -1.030709 -0.086628 -0.093034
v -0.856555 -0.087035 -0.093034
v 1.251006 0.056860 0.120454
v 1.076115 0.003376 0.130418
v 1.074534 0.052649 0.120454
v 1.074534 0.052649 0.120454
v 0.900010 -0.000827 0.130418
v 0.898062 0.048438 0.120454
v 0.898062 0.048438 0.120454
v 0.723905 -0.005029 0.130418
v 0.721590 0.044226 0.120454
v 0.721590 0.044226 0.120454
v 0.549870 -0.004962 0.132336
v 0.547188 0.044285 0.122372
v 0.547188 0.044285 0.122372
v 0.373765 -0.009165 0.132336
v 0.370716 0.040073 0.122372
v 0.370716 0.040073 0.122372
v 0.195403 0.001308 0.130418
v 0.193200 0.050605 0.120454
v 0.193200 0.050605 0.120454
v 0.022313 -0.004730 0.130418
v 0.019744 0.044567 0.120454
v 0.022313 -0.004730 0.130418
v -0.144955 0.044579 0.127308
v 0.019744 0.044567 0.120454
v -0.144955 0.044579 0.127308
v -0.312036 0.002789 0.137272
v -0.315220 0.052094 0.127308
v -0.363022 0.003166 0.137309
v -0.393803 0.003851 0.165058
v -0.372917 0.021165 0.132829
v -0.497558 0.049113 0.123649
v -0.673378 0.004419 0.134503
v -0.677296 0.053724 0.124539
v -0.677296 0.053724 0.124539
v -0.849521 0.010332 0.135938
v -0.853806 0.059639 0.125974
v -0.853806 0.059639 0.125974
v -1.025678 0.010744 0.135938
v -1.030329 0.060052 0.125974
v 1.222991 0.056192 -0.121409
v 1.064101 0.003089 -0.131373
v 1.239724 0.007280 -0.131373
v 1.048886 0.052037 -0.121409
v 0.888478 -0.001102 -0.131373
v 1.064101 0.003089 -0.131373
v 0.874782 0.047882 -0.121409
v 0.713713 0.000965 -0.133949
v 0.888478 -0.001102 -0.131373
v 0.705805 0.047527 -0.124369
v 0.538090 -0.003226 -0.133949
v 0.713713 0.000965 -0.133949
v 0.488369 0.014639 -0.130045
v 0.481189 -0.021842 -0.153794
v 0.501093 -0.004203 -0.134242
v 0.357597 0.039217 -0.124369
v 0.187763 0.001112 -0.138432
v 0.362466 -0.007417 -0.133949
v 0.184608 0.054281 -0.124369
v 0.015156 -0.004926 -0.138432
v 0.187763 0.001112 -0.138432
v 0.008301 0.044567 -0.121409
v -0.162485 -0.004730 -0.131373
v 0.015156 -0.004926 -0.138432
v -0.163094 0.047396 -0.123476
v -0.326553 0.004398 -0.137370
v -0.162485 -0.004730 -0.131373
v -0.326553 0.004398 -0.137370
v -0.499672 0.056929 -0.129473
v -0.502227 0.004809 -0.137370
v -0.502227 0.004809 -0.137370
v -0.676594 0.054514 -0.127406
v -0.677901 0.005221 -0.137370
v -0.677901 0.005221 -0.137370
v -0.856215 0.053349 -0.121409
v -0.859042 0.004059 -0.131373
v -0.859042 0.004059 -0.131373
v -1.030370 0.053756 -0.121409
v -1.034716 0.004470 -0.131373
v 1.239724 0.007280 -0.131373
v 1.065315 -0.046193 -0.121409
v 1.240938 -0.042002 -0.121409
v 1.064101 0.003089 -0.131373
v 0.889692 -0.050384 -0.121409
v 1.065315 -0.046193 -0.121409
v 0.889692 -0.050384 -0.121409
v 0.713713 0.000965 -0.133949
v 0.709799 -0.052116 -0.121025
v 0.709799 -0.052116 -0.121025
v 0.538090 -0.003226 -0.133949
v 0.534177 -0.056307 -0.121025
v 0.498534 -0.055501 -0.121878
v 0.481189 -0.021842 -0.153794
v 0.482488 -0.049767 -0.147149
v 0.362466 -0.007417 -0.133949
v 0.187763 -0.048184 -0.128468
v 0.358554 -0.060498 -0.121025
v 0.187763 -0.048184 -0.128468
v 0.015156 -0.004926 -0.138432
v 0.015156 -0.054222 -0.128468
v 0.015156 -0.054222 -0.128468
v -0.162485 -0.004730 -0.131373
v -0.162485 -0.054026 -0.121409
v -0.162485 -0.004730 -0.131373
v -0.332139 -0.046472 -0.121409
v -0.162485 -0.054026 -0.121409
v -0.332139 -0.046472 -0.121409
v -0.502227 0.004809 -0.137370
v -0.507813 -0.046060 -0.121409
v -0.507813 -0.046060 -0.121409
v -0.677901 0.005221 -0.137370
v -0.683487 -0.045649 -0.121409
v -0.683487 -0.045649 -0.121409
v -0.859042 0.004059 -0.131373
v -0.859161 -0.045238 -0.121409
v -0.859042 0.004059 -0.131373
v -1.034835 -0.044826 -0.121409
v -0.859161 -0.045238 -0.121409
v -1.300874 0.066494 0.112236
v -1.198845 0.051094 0.112955
v -1.300882 0.063437 0.104737
v -1.193231 0.004841 0.122301
v -1.275293 0.040479 0.115136
v -1.295885 0.005082 0.122301
v -1.275293 0.040479 0.115136
v -1.193231 0.004841 0.122301
v -1.198845 0.051094 0.112955
v -1.275360 0.043609 0.122708
v -1.198845 0.051094 0.112955
v -1.198843 0.054488 0.120750
v -0.372917 0.021165 0.132829
v -0.497558 0.049113 0.123649
v -0.315220 0.052094 0.127308
v -0.438656 -0.067990 0.111530
v -0.328084 -0.093689 0.094748
v -0.502239 -0.093281 0.094748
v -0.363022 0.003166 0.137309
v -0.317969 -0.049901 0.123649
v -0.366389 -0.047892 0.124515
v -0.446042 0.000196 0.133728
v -0.494126 -0.049488 0.123649
v -0.494007 -0.000192 0.133613
v -0.366389 -0.047892 0.124515
v -0.328084 -0.093689 0.094748
v -0.377735 -0.068096 0.111554
v -0.438656 -0.067990 0.111530
v -0.494126 -0.049488 0.123649
v -0.445982 -0.050489 0.123125
v -0.363022 0.003166 0.137309
v -0.315220 0.052094 0.127308
v -0.312036 0.002789 0.137272
v -0.437134 0.019091 0.130446
v -0.494007 -0.000192 0.133613
v -0.497558 0.049113 0.123649
v -0.373580 -0.016628 0.166520
v -0.398661 -0.041277 0.183426
v -0.399828 -0.020263 0.188152
v -0.391741 -0.063410 0.149415
v -0.398661 -0.041277 0.183426
v -0.372726 -0.044488 0.160040
v -0.393803 0.003851 0.165058
v -0.399828 -0.020263 0.188152
v -0.414093 -0.004430 0.183420
v -0.372917 0.021165 0.132829
v -0.421549 0.004952 0.156510
v -0.437134 0.019091 0.130446
v -0.446042 0.000196 0.133728
v -0.421549 0.004952 0.156510
v -0.440564 -0.013969 0.145885
v -0.445982 -0.050489 0.123125
v -0.419487 -0.062308 0.140868
v -0.438656 -0.067990 0.111530
v -0.446042 0.000196 0.133728
v -0.439710 -0.041829 0.139406
v -0.445982 -0.050489 0.123125
v -0.377735 -0.068096 0.111554
v -0.419487 -0.062308 0.140868
v -0.391741 -0.063410 0.149415
v -0.402448 -0.039694 0.182136
v -0.411027 -0.050381 0.168163
v -0.399801 -0.038255 0.176184
v -0.421549 0.004952 0.156510
v -0.414093 -0.004430 0.183420
v -0.434858 -0.004577 0.177824
v -0.440564 -0.013969 0.145885
v -0.434858 -0.004577 0.177824
v -0.447938 -0.018742 0.168410
v -0.439710 -0.041829 0.139406
v -0.432048 -0.054894 0.166065
v -0.419487 -0.062308 0.140868
v -0.440564 -0.013969 0.145885
v -0.445535 -0.038700 0.160207
v -0.439710 -0.041829 0.139406
v -0.419487 -0.062308 0.140868
v -0.412191 -0.055722 0.174692
v -0.391741 -0.063410 0.149415
v -0.434858 -0.004577 0.177824
v -0.444044 -0.020259 0.169338
v -0.447938 -0.018742 0.168410
v -0.447938 -0.018742 0.168410
v -0.441908 -0.037398 0.162146
v -0.445535 -0.038700 0.160207
v -0.432048 -0.054894 0.166065
v -0.441908 -0.037398 0.162146
v -0.430630 -0.051297 0.167594
v -0.412191 -0.055722 0.174692
v -0.430630 -0.051297 0.167594
v -0.413990 -0.051991 0.174823
v -0.412191 -0.055722 0.174692
v -0.402448 -0.039694 0.182136
v -0.398661 -0.041277 0.183426
v -0.398661 -0.041277 0.183426
v -0.403455 -0.021565 0.186213
v -0.399828 -0.020263 0.188152
v -0.414093 -0.004430 0.183420
v -0.403455 -0.021565 0.186213
v -0.415085 -0.007858 0.181556
v -0.414093 -0.004430 0.183420
v -0.432817 -0.008133 0.177359
v -0.434858 -0.004577 0.177824
v -0.413464 -0.006977 0.177913
v -0.441331 -0.018409 0.162663
v -0.430105 -0.006283 0.170684
v -0.441331 -0.018409 0.162663
v -0.400808 -0.020126 0.180262
v -0.440324 -0.036538 0.158586
v -0.440324 -0.036538 0.158586
v -0.399801 -0.038255 0.176184
v -0.427668 -0.049687 0.160934
v -0.427668 -0.049687 0.160934
v -0.399801 -0.038255 0.176184
v -0.411027 -0.050381 0.168163
v -0.399801 -0.038255 0.176184
v -0.440324 -0.036538 0.158586
v -0.400808 -0.020126 0.180262
v -0.441908 -0.037398 0.162146
v -0.427668 -0.049687 0.160934
v -0.430630 -0.051297 0.167594
v -0.415085 -0.007858 0.181556
v -0.430105 -0.006283 0.170684
v -0.432817 -0.008133 0.177359
v -0.403455 -0.021565 0.186213
v -0.399801 -0.038255 0.176184
v -0.400808 -0.020126 0.180262
v -0.430630 -0.051297 0.167594
v -0.411027 -0.050381 0.168163
v -0.413990 -0.051991 0.174823
v -0.441908 -0.037398 0.162146
v -0.441331 -0.018409 0.162663
v -0.440324 -0.036538 0.158586
v -0.432817 -0.008133 0.177359
v -0.441331 -0.018409 0.162663
v -0.444044 -0.020259 0.169338
v -0.415085 -0.007858 0.181556
v -0.400808 -0.020126 0.180262
v -0.413464 -0.006977 0.177913
v 0.406198 0.012695 -0.130042
v 0.531701 0.043372 -0.124369
v 0.357597 0.039217 -0.124369
v 0.403900 -0.077414 -0.108809
v 0.525762 -0.098312 -0.092650
v 0.485067 -0.075450 -0.108827
v 0.498534 -0.055501 -0.121878
v 0.525762 -0.098312 -0.092650
v 0.534177 -0.056307 -0.121025
v 0.403900 -0.077414 -0.108809
v 0.358554 -0.060498 -0.121025
v 0.351658 -0.102467 -0.092650
v 0.501093 -0.004203 -0.134242
v 0.531701 0.043372 -0.124369
v 0.488369 0.014639 -0.130045
v 0.406198 0.012695 -0.130042
v 0.362466 -0.007417 -0.133949
v 0.397019 -0.006700 -0.133699
v 0.501093 -0.004203 -0.134242
v 0.534177 -0.056307 -0.121025
v 0.538090 -0.003226 -0.133949
v 0.394888 -0.061121 -0.120284
v 0.362466 -0.007417 -0.133949
v 0.358554 -0.060498 -0.121025
v 0.459830 -0.002383 -0.155743
v 0.445131 -0.031545 -0.194647
v 0.481189 -0.021842 -0.153794
v 0.481189 -0.021842 -0.153794
v 0.445952 -0.041350 -0.192375
v 0.482488 -0.049767 -0.147149
v 0.434057 -0.070204 -0.135810
v 0.437593 -0.050051 -0.195413
v 0.427775 -0.050185 -0.192466
v 0.488369 0.014639 -0.130045
v 0.430922 -0.002789 -0.151853
v 0.459830 -0.002383 -0.155743
v 0.394888 -0.061121 -0.120284
v 0.411399 -0.022821 -0.144404
v 0.397019 -0.006700 -0.133699
v 0.397019 -0.006700 -0.133699
v 0.430922 -0.002789 -0.151853
v 0.406198 0.012695 -0.130042
v 0.403900 -0.077414 -0.108809
v 0.412698 -0.050745 -0.137759
v 0.394888 -0.061121 -0.120284
v 0.485067 -0.075450 -0.108827
v 0.434057 -0.070204 -0.135810
v 0.403900 -0.077414 -0.108809
v 0.428448 -0.026154 -0.191082
v 0.437945 -0.025386 -0.191091
v 0.437171 -0.026034 -0.193700
v 0.444585 -0.040822 -0.192105
v 0.439706 -0.046418 -0.186216
v 0.436936 -0.048739 -0.195555
v 0.443855 -0.032110 -0.194124
v 0.437945 -0.025386 -0.191091
v 0.444630 -0.031461 -0.191514
v 0.462965 -0.069799 -0.139700
v 0.445952 -0.041350 -0.192375
v 0.437593 -0.050051 -0.195413
v 0.430922 -0.002789 -0.151853
v 0.437608 -0.024707 -0.194171
v 0.459830 -0.002383 -0.155743
v 0.411399 -0.022821 -0.144404
v 0.421503 -0.042299 -0.187773
v 0.420682 -0.032494 -0.190046
v 0.411399 -0.022821 -0.144404
v 0.427790 -0.024841 -0.191224
v 0.430922 -0.002789 -0.151853
v 0.434057 -0.070204 -0.135810
v 0.421503 -0.042299 -0.187773
v 0.412698 -0.050745 -0.137759
v 0.428448 -0.026154 -0.191082
v 0.437608 -0.024707 -0.194171
v 0.427790 -0.024841 -0.191224
v 0.436936 -0.048739 -0.195555
v 0.427775 -0.050185 -0.192466
v 0.437593 -0.050051 -0.195413
v 0.444585 -0.040822 -0.192105
v 0.437593 -0.050051 -0.195413
v 0.445952 -0.041350 -0.192375
v 0.428212 -0.048858 -0.192936
v 0.421503 -0.042299 -0.187773
v 0.427775 -0.050185 -0.192466
v 0.443855 -0.032110 -0.194124
v 0.437608 -0.024707 -0.194171
v 0.437171 -0.026034 -0.193700
v 0.428448 -0.026154 -0.191082
v 0.420682 -0.032494 -0.190046
v 0.422050 -0.033023 -0.190315
v 0.444585 -0.040822 -0.192105
v 0.445131 -0.031545 -0.194647
v 0.443855 -0.032110 -0.194124
v 0.422050 -0.033023 -0.190315
v 0.421503 -0.042299 -0.187773
v 0.422779 -0.041734 -0.188296
v 0.422779 -0.041734 -0.188296
v 0.423569 -0.031750 -0.185193
v 0.422050 -0.033023 -0.190315
v 0.428448 -0.026154 -0.191082
v 0.423569 -0.031750 -0.185193
v 0.429222 -0.025505 -0.188472
v 0.422779 -0.041734 -0.188296
v 0.430982 -0.046537 -0.183597
v 0.424298 -0.040461 -0.183174
v 0.436936 -0.048739 -0.195555
v 0.430982 -0.046537 -0.183597
v 0.428212 -0.048858 -0.192936
v 0.444585 -0.040822 -0.192105
v 0.444630 -0.031461 -0.191514
v 0.445359 -0.040173 -0.189495
v -0.702874 -0.115320 -0.050569
v -0.562170 -0.127000 -0.000881
v -0.526864 -0.115732 -0.050569
v -0.526864 -0.115732 -0.050569
v -0.562170 -0.127000 -0.000881
v -0.520362 -0.127573 -0.001005
v -0.329331 0.106796 -0.079803
v -0.161490 0.120062 -0.037568
v -0.330661 0.127613 -0.037567
v -0.501366 0.108530 -0.083058
v -0.330661 0.127613 -0.037567
v -0.506272 0.128024 -0.037567
v -0.681492 0.115348 -0.064016
v -0.506272 0.128024 -0.037567
v -0.686841 0.129507 -0.015631
v -0.164364 0.126918 -0.002544
v -0.045518 0.115232 -0.051263
v 0.008822 0.124088 -0.000478
v 0.008822 0.124088 -0.000478
v -0.045518 0.115232 -0.051263
v 0.012455 0.114283 -0.050569
v 0.370716 0.040073 0.122372
v 0.470668 0.084262 0.093997
v 0.547188 0.044285 0.122372
v 0.547188 0.044285 0.122372
v 0.470668 0.084262 0.093997
v 0.526147 0.085586 0.093997
v 0.195403 -0.031950 0.123695
v 0.371872 -0.078924 0.112224
v 0.190208 -0.061544 0.111250
v 0.360397 -0.107447 0.093050
v 0.371872 -0.078924 0.112224
v 0.534502 -0.103292 0.093050
v 0.534502 -0.103292 0.093050
v 0.527541 -0.061654 0.121424
v 0.553484 -0.061035 0.121424
v -0.004685 -0.123742 -0.050569
v 0.106489 -0.127509 -0.000478
v 0.168258 -0.117704 -0.050569
v 0.168258 -0.117704 -0.050569
v 0.106489 -0.127509 -0.000478
v 0.181319 -0.127509 -0.000478
vn -0.0023 -0.9814 0.1921
vn -0.0134 0.5616 0.8273
vn -0.0005 -0.1981 -0.9802
vn 0.0005 0.1981 -0.9802
vn -0.0029 0.5617 0.8273
vn -0.0013 -0.5617 -0.8273
vn -0.0020 -0.8355 -0.5494
vn -0.0183 0.8340 0.5514
vn -0.0023 -0.9814 -0.1921
vn -0.0189 0.9878 0.1547
vn 0.0023 0.9814 -0.1921
vn -0.0020 -0.8355 0.5494
vn 0.0020 0.8355 -0.5494
vn -0.0013 -0.5617 0.8273
vn 0.0013 0.5617 -0.8273
vn -0.0219 -0.2036 0.9788
vn 0.9997 0.0246 -0.0000
vn 0.9606 -0.2540 0.1132
vn 0.9052 0.1837 -0.3833
vn 0.9052 0.1837 0.3833
vn 0.8657 -0.3461 -0.3615
vn 0.8438 0.4999 -0.1953
vn 0.9696 -0.0742 0.2330
vn 0.9997 0.0247 0.0061
vn 0.9659 -0.1725 -0.1931
vn 0.9407 0.3173 0.1199
vn -1.0000 0.0024 -0.0000
vn -0.9927 -0.0848 0.0859
vn -0.8742 0.1901 -0.4467
vn -0.8869 0.1811 0.4250
vn -0.4774 -0.8787 -0.0000
vn -0.0030 0.1978 0.9802
vn -0.9908 -0.0505 0.1257
vn -0.4578 0.0011 -0.8890
vn -0.9905 -0.0513 -0.1275
vn -0.9944 -0.0977 -0.0408
vn -0.9930 0.1182 -0.0000
vn 1.0000 0.0030 -0.0000
vn -1.0000 0.0024 -0.0001
vn -1.0000 0.0024 -0.0003
vn -1.0000 0.0024 0.0003
vn -1.0000 0.0024 0.0001
vn 0.0047 -0.1981 0.9802
vn -0.0199 0.8353 0.5494
vn 0.0005 0.1981 0.9802
vn -0.0234 0.9811 0.1921
vn 0.0525 0.5660 0.8227
vn -0.0234 0.9811 -0.1921
vn -0.0005 -0.1981 0.9802
vn 0.0687 0.8422 0.5348
vn -0.0199 0.8353 -0.5494
vn 0.0023 0.9814 0.1921
vn -0.0134 0.5616 -0.8273
vn -0.0047 0.1981 -0.9802
vn 0.0047 -0.1981 -0.9802
vn 0.0134 -0.5616 -0.8273
vn 0.0199 -0.8353 -0.5494
vn -0.8821 0.4325 -0.1867
vn 0.0234 -0.9811 -0.1921
vn 0.0234 -0.9811 0.1921
vn 0.0199 -0.8353 0.5494
vn -0.0047 0.1981 0.9802
vn 0.0134 -0.5616 0.8273
vn 0.9997 0.0247 -0.0000
vn -0.9999 0.0149 -0.0024
vn -0.9997 -0.0229 -0.0086
vn -0.9997 -0.0229 -0.0088
vn -0.9997 -0.0228 -0.0088
vn -0.9997 -0.0240 0.0013
vn -0.9989 0.0438 0.0194
vn -0.9989 0.0437 0.0194
vn -0.9949 0.0992 -0.0189
vn -0.9949 0.0991 -0.0189
vn -0.9989 0.0336 -0.0340
vn 0.9986 0.0461 0.0242
vn 0.9957 0.0917 0.0132
vn 0.9957 0.0918 0.0132
vn 0.9982 0.0579 -0.0163
vn -0.9996 0.0037 -0.0288
vn -0.9996 0.0037 -0.0289
vn -0.9986 -0.0334 -0.0404
vn -0.9890 -0.1458 -0.0263
vn -0.9890 -0.1458 -0.0264
vn -0.9907 -0.1302 0.0387
vn -0.9954 -0.0801 0.0517
vn -0.9954 -0.0800 0.0518
vn -0.9951 -0.0540 0.0831
vn -0.9962 -0.0114 0.0862
vn -0.9968 0.0182 0.0779
vn -0.9989 0.0360 0.0289
vn -0.9998 -0.0021 0.0222
vn -0.9998 -0.0105 -0.0190
vn -0.9995 0.0254 -0.0197
vn -0.9983 0.0139 -0.0570
vn 0.9993 0.0177 -0.0345
vn 0.9992 0.0176 -0.0345
vn 0.9993 0.0027 -0.0368
vn 0.9993 0.0028 -0.0368
vn 0.9995 -0.0158 -0.0266
vn 0.9998 -0.0203 -0.0088
vn 0.9998 -0.0204 -0.0088
vn 0.9994 -0.0333 0.0066
vn 0.9994 -0.0332 0.0066
vn 0.9989 -0.0308 0.0364
vn 0.9986 -0.0107 0.0524
vn 0.9986 -0.0107 0.0523
vn 0.9986 -0.0107 0.0525
vn 0.9989 0.0278 0.0374
vn 0.9989 0.0278 0.0375
vn 0.9986 0.0368 0.0368
vn 0.9956 0.0762 0.0539
vn 0.9976 0.0689 -0.0042
vn 0.9976 0.0688 -0.0042
vn 0.9996 0.0205 -0.0204
vn 0.9993 0.0334 -0.0161
vn 0.9993 0.0334 -0.0162
vn -1.0000 0.0013 -0.0000
vn -1.0000 0.0013 0.0001
vn -0.9995 0.0199 -0.0258
vn -0.9995 0.0199 -0.0257
vn -0.9996 -0.0155 -0.0239
vn -0.9988 -0.0325 0.0360
vn -0.9988 -0.0326 0.0360
vn -0.9992 -0.0354 0.0190
vn -0.9992 -0.0352 0.0188
vn -0.9992 -0.0353 0.0189
vn -0.9998 -0.0041 0.0212
vn -0.9998 -0.0042 0.0212
vn -0.9999 0.0114 0.0017
vn -0.9999 0.0114 0.0018
vn -0.9996 0.0242 -0.0143
vn -0.9996 0.0242 -0.0142
vn -0.9997 -0.0025 0.0248
vn -0.9997 -0.0026 0.0248
vn -0.9997 -0.0121 -0.0213
vn -0.9997 -0.0120 -0.0213
vn -0.9998 0.0167 0.0094
vn -0.9998 0.0168 0.0094
vn -0.9998 0.0167 0.0095
vn 0.9996 0.0292 -0.0030
vn 0.9996 0.0293 -0.0029
vn 0.9997 0.0225 -0.0106
vn 0.9986 0.0521 0.0054
vn 0.9999 0.0024 0.0145
vn 0.9999 0.0024 0.0146
vn 0.9998 0.0126 0.0176
vn 0.9998 0.0127 0.0176
vn 0.9976 0.0694 -0.0060
vn 0.9966 0.0637 -0.0518
vn 0.9966 0.0636 -0.0518
vn 0.9991 0.0428 -0.0047
vn 0.9985 0.0457 -0.0310
vn 0.9993 0.0341 -0.0161
vn 0.9993 0.0341 -0.0160
vn -1.0000 0.0013 0.0003
vn -1.0000 0.0014 0.0004
vn -0.9993 0.0224 -0.0294
vn -0.9995 0.0086 -0.0305
vn -0.9994 0.0089 0.0322
vn -0.9994 0.0089 0.0323
vn -1.0000 -0.0008 -0.0048
vn -1.0000 -0.0007 -0.0049
vn -1.0000 -0.0009 -0.0047
vn -0.9999 0.0151 0.0083
vn -0.9999 0.0125 0.0021
vn -0.9999 0.0125 0.0020
vn -0.9995 0.0273 -0.0163
vn -0.9992 -0.0397 0.0056
vn -0.9992 -0.0396 0.0056
vn -0.9974 -0.0710 0.0144
vn -0.9992 -0.0385 0.0106
vn -0.9998 0.0187 0.0107
vn -0.9998 0.0187 0.0108
vn 0.9994 0.0263 -0.0221
vn 0.9994 0.0262 -0.0221
vn 1.0000 0.0075 -0.0036
vn 1.0000 0.0076 -0.0036
vn 0.9997 0.0221 -0.0124
vn 0.9984 0.0563 0.0046
vn 0.9999 -0.0008 0.0167
vn 0.9999 -0.0009 0.0167
vn 0.9999 -0.0103 -0.0060
vn 0.9992 -0.0382 -0.0123
vn 0.9989 -0.0202 -0.0420
vn 0.9989 -0.0201 -0.0420
vn 0.9994 0.0320 0.0109
vn -0.9987 0.0112 0.0501
vn -0.9988 0.0294 0.0398
vn -0.9988 0.0294 0.0397
vn -0.9951 0.0921 0.0362
vn -0.9844 0.1761 0.0041
vn -0.9844 0.1762 0.0041
vn -0.9843 0.1762 0.0041
vn -0.9882 0.1527 -0.0090
vn -0.9933 0.0950 -0.0651
vn -0.9934 0.0950 -0.0651
vn -0.9917 0.0894 -0.0922
vn -0.9917 0.0893 -0.0922
vn -0.9941 0.0309 -0.1042
vn -0.9967 -0.0138 -0.0802
vn -1.0000 0.0021 -0.0014
vn -1.0000 0.0021 -0.0015
vn -0.9965 0.0710 0.0451
vn -0.9961 0.0865 0.0165
vn -0.9989 0.0405 -0.0243
vn -0.9996 -0.0037 0.0281
vn -0.9987 -0.0079 0.0511
vn 0.9989 0.0456 -0.0139
vn 0.9989 0.0457 -0.0139
vn 0.9998 0.0162 0.0123
vn 0.9998 0.0163 0.0124
vn 0.9998 0.0162 0.0124
vn 0.9977 0.0672 -0.0027
vn 0.9926 0.1079 -0.0548
vn 0.9926 0.1079 -0.0549
vn 0.9928 0.0831 -0.0864
vn 0.9977 0.0544 -0.0406
vn 0.9998 -0.0050 0.0207
vn 0.9990 0.0160 -0.0425
vn 0.9994 0.0334 0.0129
vn -0.9905 -0.0250 -0.1355
vn -0.9905 -0.0250 -0.1356
vn -0.9977 -0.0582 -0.0357
vn -0.9998 0.0066 -0.0206
vn -0.9998 0.0067 -0.0206
vn -0.9998 0.0066 -0.0207
vn -0.9997 0.0198 0.0115
vn -0.9994 -0.0273 0.0195
vn -0.9994 -0.0272 0.0195
vn -0.9993 -0.0051 -0.0370
vn -0.9978 0.0660 -0.0092
vn -0.9978 0.0659 -0.0092
vn -0.9915 0.0747 -0.1065
vn -0.9908 0.0291 -0.1320
vn 0.9982 0.0509 0.0311
vn 0.9963 0.0740 0.0444
vn 0.9963 0.0740 0.0443
vn 0.9970 0.0772 0.0103
vn 0.9997 0.0250 0.0001
vn 0.9997 0.0249 0.0001
vn 0.9996 -0.0126 0.0245
vn 0.9994 0.0007 0.0352
vn 0.9992 0.0328 0.0234
vn 0.9999 -0.0159 0.0012
vn 0.9995 -0.0177 -0.0278
vn 0.9997 -0.0224 -0.0092
vn 0.9997 0.0118 -0.0232
vn 0.9990 0.0444 0.0001
vn -0.9975 -0.0638 -0.0318
vn -0.9975 -0.0638 -0.0317
vn -0.9976 -0.0688 -0.0043
vn -0.9976 -0.0688 -0.0042
vn -0.9996 0.0273 -0.0084
vn -0.9996 -0.0061 -0.0265
vn -0.9989 -0.0378 0.0265
vn -0.9990 0.0217 0.0399
vn -1.0000 -0.0005 0.0083
vn -0.9990 -0.0255 0.0358
vn -0.9990 -0.0255 0.0359
vn -0.9998 0.0153 0.0085
vn -0.9999 0.0110 -0.0029
vn -0.9989 -0.0069 -0.0459
vn -0.9980 0.0375 0.0517
vn 0.9997 0.0159 0.0175
vn 0.9995 0.0234 0.0197
vn 0.9990 0.0164 -0.0407
vn 0.9990 0.0164 -0.0408
vn 0.9990 0.0163 -0.0408
vn 0.9982 0.0603 0.0070
vn 0.9999 0.0045 0.0132
vn 0.9989 0.0461 0.0030
vn 0.9995 0.0232 -0.0220
vn 0.9995 0.0233 -0.0220
vn -0.9967 -0.0442 0.0686
vn -0.9953 -0.0399 -0.0881
vn -0.9953 -0.0398 -0.0881
vn -0.9992 -0.0333 0.0235
vn -0.9961 0.0587 0.0652
vn -0.9961 0.0587 0.0653
vn -1.0000 -0.0090 0.0020
vn -1.0000 -0.0091 0.0022
vn -1.0000 -0.0092 0.0024
vn -1.0000 -0.0092 0.0023
vn -0.9986 -0.0437 0.0303
vn -0.9986 -0.0437 0.0304
vn -0.9999 0.0048 -0.0115
vn -0.9999 0.0048 -0.0116
vn -0.9981 -0.0098 -0.0602
vn -0.9967 0.0469 0.0656
vn 0.9998 0.0111 0.0181
vn 0.9998 0.0111 0.0182
vn 0.9980 0.0120 -0.0620
vn 0.9980 0.0121 -0.0620
vn 0.9971 0.0754 0.0100
vn 0.9971 0.0753 0.0099
vn 0.9971 0.0755 0.0102
vn 0.9998 -0.0037 0.0186
vn 0.9998 -0.0037 0.0187
vn 0.9995 0.0211 0.0226
vn 0.9995 0.0211 0.0227
vn 0.9995 0.0210 0.0228
vn 0.9998 -0.0217 0.0041
vn 0.9994 0.0187 0.0296
vn 0.9994 0.0186 0.0296
vn -0.9935 -0.0623 0.0952
vn -0.9935 -0.0622 0.0952
vn -0.9918 0.0317 -0.1241
vn -0.9949 0.0852 -0.0545
vn -0.9949 0.0853 -0.0545
vn -0.9928 0.1181 0.0222
vn -0.9999 -0.0141 0.0032
vn -0.9999 -0.0141 0.0033
vn -0.9986 -0.0522 -0.0083
vn -0.9973 -0.0608 -0.0416
vn -0.9972 -0.0675 -0.0309
vn -0.9972 -0.0675 -0.0308
vn -0.9972 -0.0676 -0.0307
vn -0.9985 -0.0436 -0.0332
vn -0.9985 -0.0435 -0.0331
vn -0.9940 0.0631 0.0895
vn -0.9940 0.0631 0.0896
vn 0.9997 0.0246 -0.0001
vn 0.9973 0.0424 -0.0602
vn 0.9972 0.0693 -0.0295
vn 0.9972 0.0694 -0.0295
vn 0.9974 0.0561 -0.0463
vn 0.9974 0.0560 -0.0463
vn 0.9968 0.0783 -0.0154
vn 0.9992 -0.0234 0.0315
vn 0.9985 -0.0371 -0.0406
vn 0.9985 -0.0372 -0.0406
vn -0.9949 0.0223 0.0980
vn -0.9949 0.0222 0.0980
vn -0.9948 0.0589 0.0832
vn -0.9941 -0.0097 0.1079
vn -0.9985 0.0178 -0.0518
vn -0.9985 0.0177 -0.0518
vn -0.9986 0.0452 -0.0281
vn -0.9986 0.0452 -0.0282
vn -0.9984 0.0570 0.0059
vn -0.9984 0.0569 0.0059
vn -0.9984 0.0570 0.0060
vn -1.0000 0.0025 -0.0000
vn -0.9999 -0.0138 -0.0046
vn -0.9999 -0.0139 -0.0046
vn -0.9999 -0.0138 -0.0047
vn -0.9999 -0.0064 -0.0129
vn -0.9999 -0.0063 -0.0129
vn -0.9999 -0.0109 -0.0085
vn -0.9999 -0.0106 -0.0086
vn -0.9999 -0.0024 -0.0162
vn -0.9942 0.0143 0.1066
vn -0.9942 0.0143 0.1067
vn -0.9945 -0.0574 0.0881
vn -0.9948 -0.0178 0.0999
vn -0.9948 -0.0178 0.1000
vn 0.0133 -0.1978 0.9801
vn 0.0041 -0.1706 0.9853
vn -0.0577 -0.5455 0.8361
vn 0.0660 -0.5755 0.8151
vn -0.0000 -0.2502 0.9682
vn 0.0125 -0.2516 0.9677
vn 0.9842 -0.0109 0.1766
vn -0.0002 -0.1981 0.9802
vn -0.0005 -0.2037 0.9790
vn 0.0132 0.5574 -0.8302
vn 0.0478 0.5552 -0.8303
vn -0.0446 0.5651 -0.8238
vn 0.0191 0.5603 -0.8281
vn 0.0291 0.6511 -0.7585
vn 0.0357 0.5612 -0.8269
vn -0.0172 0.5613 -0.8274
vn -0.0310 0.5602 -0.8278
vn 0.0270 -0.5660 0.8239
vn 0.0046 -0.1907 0.9816
vn -0.0229 -0.1924 0.9811
vn 0.0075 -0.2157 0.9764
vn 0.0039 -0.5514 0.8342
vn 0.0023 -0.5512 0.8343
vn 0.7105 -0.6166 0.3392
vn -0.0313 -0.6019 0.7979
vn -0.0014 -0.6062 0.7953
vn -0.0210 0.8819 -0.4709
vn 0.0021 0.8452 -0.5345
vn -0.0202 0.8453 -0.5340
vn 0.0512 0.8835 -0.4657
vn -0.0293 0.8352 -0.5492
vn 0.0438 0.9811 -0.1883
vn -0.0155 0.9809 -0.1940
vn 0.0357 -0.8314 0.5545
vn -0.0829 -0.8493 0.5213
vn 0.0291 -0.8311 0.5554
vn 0.0079 -0.8345 0.5509
vn -0.0372 -0.8389 0.5430
vn -0.0021 -0.8809 0.4732
vn -0.0108 -0.8809 0.4731
vn 0.0026 0.9816 -0.1909
vn 0.0570 0.9804 -0.1883
vn -0.0342 0.9803 -0.1944
vn 0.0203 0.8354 -0.5493
vn 0.0373 0.8350 -0.5490
vn 0.0179 0.8792 -0.4761
vn -0.0174 0.8776 -0.4791
vn -0.0231 0.8462 -0.5323
vn 0.0394 -0.9809 0.1904
vn -0.0931 -0.9730 0.2112
vn 0.0118 -0.9721 -0.2343
vn 0.0440 -0.9990 0.0030
vn -0.0431 -0.9778 0.2050
vn 0.1565 -0.9866 -0.0460
vn 0.0030 0.9804 0.1968
vn 0.0579 0.9781 0.2001
vn -0.0345 0.9816 0.1877
vn -0.0000 0.9719 0.2354
vn 0.0436 0.9696 0.2408
vn 0.0023 0.9719 0.2354
vn 0.0343 0.9958 0.0844
vn 0.0023 0.9965 0.0833
vn 0.0087 -0.9609 -0.2768
vn 0.0229 -0.9586 -0.2837
vn -0.0721 -0.9822 -0.1735
vn 0.0595 -0.9824 0.1769
vn 0.0107 -0.9819 0.1891
vn -0.0435 -0.9733 -0.2255
vn -0.0023 -0.9727 -0.2321
vn -0.0129 -0.9805 0.1962
vn 0.0065 0.8428 0.5382
vn 0.2451 0.6071 0.7559
vn -0.0032 0.7235 0.6903
vn -0.0294 0.8342 0.5506
vn 0.0231 0.8362 0.5480
vn 0.0392 0.8749 0.4826
vn -0.0245 0.8663 0.4990
vn 0.0075 0.8252 0.5647
vn 0.0328 0.8369 0.5464
vn 0.0020 0.8355 0.5494
vn 0.0068 -0.8350 -0.5502
vn -0.0365 -0.8296 -0.5571
vn 0.0309 -0.8756 -0.4821
vn -0.0207 -0.8697 -0.4932
vn -0.0372 -0.8289 -0.5581
vn 0.0092 0.5702 0.8215
vn -0.0514 0.8014 0.5959
vn 0.0417 0.7090 0.7040
vn -0.0194 0.5565 0.8306
vn 0.0342 0.5692 0.8215
vn 0.0250 0.5665 0.8237
vn -0.0258 0.5571 0.8300
vn 0.0186 0.5638 0.8257
vn 0.0273 0.6239 0.7810
vn 0.0015 0.6207 0.7840
vn 0.0036 -0.5598 -0.8286
vn 0.5254 -0.6947 -0.4913
vn -0.0042 -0.5596 -0.8287
vn 0.0197 -0.5637 -0.8258
vn -0.0335 -0.5587 -0.8287
vn -0.0249 -0.5602 -0.8280
vn 0.0109 0.1988 0.9800
vn 0.0011 0.1984 0.9801
vn -0.0069 0.1978 0.9802
vn 0.0241 0.1443 0.9892
vn 0.0229 0.1443 0.9893
vn 0.5499 0.5856 0.5956
vn 0.0100 0.1988 0.9800
vn 0.0147 0.1992 0.9799
vn 0.0167 0.2042 -0.9788
vn -0.0048 0.2007 -0.9796
vn 0.4552 0.4211 -0.7845
vn 0.0224 0.2569 -0.9662
vn -0.0336 0.3209 -0.9465
vn 0.0144 0.1499 -0.9886
vn 0.0448 0.1488 -0.9879
vn 0.0004 0.1498 -0.9887
vn -0.0136 0.1504 -0.9885
vn -0.0340 0.1989 -0.9794
vn 0.0121 -0.1979 -0.9802
vn 0.0057 -0.2370 -0.9715
vn 0.7675 -0.1861 -0.6134
vn 0.0155 -0.1981 -0.9801
vn 0.0069 -0.1981 -0.9802
vn -0.0391 -0.1980 -0.9794
vn 0.0181 -0.3011 -0.9534
vn -0.0007 -0.2993 -0.9542
vn -0.0297 -0.2963 -0.9546
vn -0.1398 -0.9078 0.3953
vn -0.1379 0.9149 -0.3795
vn -0.0412 0.1409 0.9892
vn -0.0013 -0.5507 0.8347
vn -0.0011 -0.2502 0.9682
vn 0.0064 -0.2048 0.9788
vn -0.0079 -0.5496 0.8354
vn -0.0284 0.2268 0.9735
vn -0.0038 0.1729 0.9849
vn 0.6513 -0.1529 0.7433
vn 0.4135 -0.7224 0.5542
vn 0.4920 0.5349 0.6869
vn -0.0945 0.9012 0.4229
vn -0.6606 0.4196 0.6226
vn -0.6172 -0.5709 0.5414
vn -0.9458 -0.1008 0.3087
vn -0.0018 -0.9815 0.1913
vn -0.6831 0.7186 -0.1302
vn -0.0693 0.9359 0.3455
vn -0.6752 0.7316 -0.0945
vn -0.7440 -0.6592 -0.1092
vn -0.9511 0.0124 -0.3087
vn -0.1347 -0.9668 0.2173
vn -0.3182 -0.3002 0.8992
vn -0.3567 -0.3990 0.8447
vn -0.4546 -0.0570 0.8889
vn -0.3963 -0.2224 0.8908
vn -0.3587 -0.2049 0.9107
vn -0.3963 -0.2223 0.8908
vn -0.4330 -0.1232 0.8929
vn -0.2026 -0.4219 0.8837
vn 0.6100 0.6643 0.4320
vn 0.0518 -0.9757 -0.2128
vn -0.9164 0.0387 -0.3983
vn -0.0518 0.9757 0.2128
vn 0.9294 -0.0382 0.3671
vn 0.7010 -0.7077 0.0887
vn -0.6100 -0.6643 -0.4320
vn 0.0181 -0.5559 -0.8311
vn 0.0069 -0.5733 -0.8193
vn 0.0024 0.2017 -0.9794
vn 0.0180 -0.2351 -0.9718
vn 0.0120 -0.2398 -0.9708
vn 0.4986 0.5926 -0.6326
vn 0.7570 -0.0867 -0.6476
vn -0.0300 -0.9463 -0.3218
vn -0.0191 0.8049 -0.5930
vn -0.6203 -0.2088 -0.7561
vn -0.4800 0.1462 -0.8650
vn -0.4641 -0.5767 -0.6723
vn -0.0095 -0.9848 -0.1734
vn 0.0788 -0.9727 0.2184
vn -0.7284 0.6836 0.0461
vn -0.6158 -0.7023 0.3572
vn 0.4996 -0.6844 -0.5310
vn -0.1540 0.8672 -0.4735
vn -0.9781 -0.0901 -0.1874
vn -0.7244 0.6296 -0.2808
vn -0.8095 -0.5761 -0.1138
vn -0.2761 -0.2389 -0.9310
vn 0.3465 0.0728 -0.9352
vn -0.4517 0.2189 -0.8649
vn -0.0319 -0.1231 -0.9919
vn 0.9577 0.0135 -0.2874
vn 0.7284 -0.6836 -0.0461
vn 0.6158 0.7023 -0.3572
vn -0.0788 0.9727 -0.2184
vn -0.9577 -0.0135 0.2874
vn -0.0491 -0.9988 0.0048
vn -0.0140 -0.9815 -0.1910
vn -0.0060 0.9259 -0.3777
vn 0.0263 0.9602 -0.2781
vn 0.0216 0.9261 -0.3766
vn 0.0174 0.8970 -0.4416
vn -0.0069 0.9189 -0.3945
vn 0.0184 0.9815 -0.1906
vn -0.0632 0.7151 0.6962
vn -0.0123 -0.3812 0.9244
vn 0.0274 -0.3916 0.9197
vn -0.0403 -0.3774 0.9252
vn 0.0163 -0.9998 0.0098
vn 0.0591 -0.9770 -0.2048
vn -0.0447 0.6169 0.7858
vn -0.0145 0.5423 0.8401
vn -0.0182 0.8339 0.5516
vn -0.0169 -0.6050 0.7961
vn -0.0152 -0.2241 0.9744
vn 0.9540 -0.2018 0.2217
vn 0.8990 0.0221 -0.4375
vn 0.8899 0.3358 0.3088
vn 0.8807 -0.4354 -0.1863
vn 0.8622 0.3714 -0.3445
vn 0.9632 0.0237 0.2678
vn 0.9996 0.0268 0.0053
vn 0.9711 -0.2176 -0.0984
vn 0.9462 0.3237 -0.0000
vn -0.9936 -0.1046 0.0436
vn -0.8854 0.3323 -0.3249
vn -0.8752 0.0021 0.4838
vn -0.4548 -0.8245 -0.3366
vn -0.0248 0.2387 0.9708
vn -0.0368 0.1946 0.9802
vn -0.9895 -0.1017 0.1024
vn -0.4796 0.3414 -0.8084
vn -0.9891 0.0024 -0.1469
vn -0.9951 -0.0695 -0.0707
vn -0.9921 0.1163 0.0465
vn 0.0506 0.1798 0.9824
vn 0.0795 0.5598 0.8248
vn -0.8644 0.5028 -0.0000
vn 0.0107 -0.1903 0.9817
vn -0.0563 -0.5413 0.8389
vn 0.0187 -0.5293 0.8483
vn -0.0000 -0.5617 0.8273
vn 0.0171 -0.1981 0.9800
vn 0.0125 -0.2515 0.9678
vn 0.9573 -0.1281 0.2592
vn 0.0011 -0.2037 0.9790
vn 0.0134 0.5579 -0.8298
vn 0.0485 0.5567 -0.8293
vn -0.0449 0.5642 -0.8244
vn 0.0192 0.5607 -0.8278
vn 0.0619 0.5578 -0.8277
vn 0.0015 0.6498 -0.7601
vn -0.0173 0.5617 -0.8271
vn -0.0313 0.5609 -0.8273
vn 0.0268 -0.5664 0.8237
vn -0.0222 -0.1981 0.9799
vn 0.0227 -0.1981 0.9799
vn -0.0000 -0.1981 0.9802
vn 0.0024 -0.5511 0.8344
vn 0.6391 -0.7464 0.1855
vn -0.0100 -0.5495 0.8354
vn 0.0076 0.8356 -0.5492
vn 0.0725 0.8421 -0.5345
vn -0.0559 0.8781 -0.4752
vn 0.0438 0.9811 -0.1885
vn -0.0155 0.9809 -0.1938
vn 0.0359 -0.8317 0.5541
vn -0.0852 -0.8443 0.5290
vn 0.0293 -0.8315 0.5547
vn 0.0080 -0.8347 0.5507
vn -0.0132 -0.8811 0.4728
vn -0.0352 -0.8368 0.5464
vn 0.0027 0.9816 -0.1912
vn 0.0567 0.9807 -0.1874
vn -0.0343 0.9804 -0.1941
vn 0.0373 0.8349 -0.5491
vn 0.0291 0.8352 -0.5492
vn 0.0021 0.8786 -0.4775
vn 0.0395 -0.9808 0.1909
vn -0.0930 -0.9730 0.2115
vn -0.0000 -0.9749 -0.2225
vn 0.0117 -0.9808 -0.1947
vn -0.0434 -0.9779 0.2043
vn 0.0028 0.9804 0.1972
vn 0.0566 0.9773 0.2044
vn -0.0343 0.9817 0.1871
vn 0.0137 0.9809 0.1938
vn 0.0432 0.9694 0.2418
vn -0.0104 0.9722 0.2339
vn 0.0371 -0.9796 -0.1973
vn -0.0903 -0.9681 -0.2335
vn -0.0000 -0.9814 0.1921
vn 0.0346 -0.9903 0.1345
vn 0.0106 -0.9819 0.1891
vn 0.0106 -0.9818 0.1895
vn -0.0429 -0.9737 -0.2238
vn -0.0129 -0.9805 0.1959
vn -0.0130 -0.9805 0.1960
vn 0.0028 0.8360 0.5487
vn 0.0363 0.7348 0.6773
vn -0.0355 0.5543 0.8316
vn -0.0293 0.8341 0.5508
vn -0.0000 0.8703 0.4925
vn 0.0393 0.8748 0.4829
vn 0.0019 0.8246 0.5656
vn 0.0327 0.8370 0.5462
vn 0.0069 -0.8348 -0.5506
vn -0.0626 -0.8637 -0.5001
vn 0.0306 -0.8761 -0.4812
vn -0.0000 -0.8355 -0.5494
vn -0.0370 -0.8286 -0.5587
vn 0.0095 0.5695 0.8219
vn -0.0201 0.8433 0.5371
vn 0.3284 0.7995 0.5029
vn -0.0169 0.8032 0.5955
vn -0.0196 0.5571 0.8302
vn 0.0347 0.5682 0.8222
vn 0.0253 0.5654 0.8244
vn -0.0261 0.5580 0.8294
vn -0.0008 0.6205 0.7842
vn 0.0275 0.6231 0.7816
vn 0.0035 -0.5600 -0.8285
vn 0.5273 -0.6849 -0.5029
vn -0.0050 -0.5612 -0.8277
vn 0.0199 -0.5632 -0.8261
vn -0.0338 -0.5595 -0.8281
vn -0.0252 -0.5608 -0.8276
vn 0.0108 0.1989 0.9800
vn 0.0012 0.1982 0.9802
vn 0.0408 0.2000 0.9790
vn 0.0088 0.1986 0.9800
vn 0.5913 0.4854 0.6440
vn 0.0146 0.1993 0.9798
vn 0.0168 0.2038 -0.9789
vn 0.3946 0.4455 -0.8036
vn 0.0351 0.2046 -0.9782
vn -0.0089 0.2552 -0.9668
vn -0.0373 0.3204 -0.9465
vn 0.0445 0.1501 -0.9877
vn -0.0337 0.1999 -0.9792
vn 0.0002 -0.2366 -0.9716
vn 0.8310 -0.0919 -0.5486
vn 0.0251 -0.2382 -0.9709
vn -0.0088 -0.1981 -0.9801
vn -0.1410 -0.9167 0.3738
vn -0.1392 0.9079 -0.3953
vn -0.0231 0.2173 0.9758
vn 0.0072 -0.2435 0.9699
vn -0.0008 -0.1981 0.9802
vn 0.0051 -0.5420 0.8404
vn -0.0024 -0.5530 0.8332
vn 0.0022 0.1982 0.9802
vn -0.0123 0.1972 0.9803
vn 0.6412 -0.1343 0.7555
vn 0.4104 -0.7239 0.5546
vn 0.4057 0.5773 0.7086
vn -0.0464 0.8662 0.4976
vn -0.6793 0.3087 0.6658
vn -0.6127 -0.5985 0.5162
vn -0.9140 -0.0841 0.3969
vn -0.0694 -0.9928 0.0972
vn -0.1016 0.9303 0.3525
vn -0.7047 0.7048 -0.0813
vn -0.6992 -0.7006 -0.1424
vn -0.9610 0.0343 -0.2743
vn -0.1038 -0.9718 0.2116
vn -0.3283 -0.2935 0.8978
vn -0.3198 -0.3929 0.8622
vn -0.5562 -0.1296 0.8209
vn -0.3854 -0.1856 0.9039
vn -0.5948 -0.2444 0.7659
vn -0.2492 -0.2648 0.9315
vn 0.6100 0.6643 0.4319
vn 0.0717 -0.9683 -0.2393
vn 0.9164 -0.0387 0.3983
vn 0.7009 -0.7077 0.0887
vn -0.6100 -0.6643 -0.4319
vn 0.0071 -0.5607 -0.8280
vn -0.0113 0.2101 -0.9776
vn 0.0033 0.1838 -0.9830
vn 0.0140 -0.2375 -0.9713
vn 0.0157 -0.2376 -0.9712
vn 0.5574 0.5495 -0.6224
vn 0.7619 -0.1162 -0.6372
vn -0.0842 -0.9424 -0.3237
vn -0.0780 0.8688 -0.4889
vn -0.6915 -0.1472 -0.7072
vn -0.4710 0.3736 -0.7991
vn -0.2997 -0.6546 -0.6941
vn 0.0235 -0.9721 -0.2333
vn 0.0788 -0.9727 0.2183
vn 0.7053 -0.5031 -0.4995
vn -0.0753 0.8805 -0.4680
vn -0.9774 -0.1219 -0.1730
vn -0.7373 0.6127 -0.2846
vn -0.6425 -0.7289 -0.2362
vn -0.0423 0.3654 -0.9299
vn -0.6440 -0.0583 -0.7628
vn -0.1739 0.0522 -0.9834
vn -0.0023 -0.9749 -0.2227
vn -0.0140 -0.9729 -0.2306
vn 0.0400 0.8967 -0.4407
vn 0.0022 0.9192 -0.3937
vn -0.0266 0.9586 -0.2835
vn 0.0183 0.9815 -0.1907
vn 0.0184 0.9815 -0.1908
vn -0.0414 -0.3811 0.9236
vn 0.0345 -0.9880 -0.1509
vn -0.0000 -0.9814 -0.1921
vt 0.046463 0.773438
vt 0.202184 0.911857
vt 0.045975 0.799316
vt 0.047440 0.751465
vt 0.005448 0.778320
vt 0.048417 0.796875
s 0
usemtl MainMaterialFree
f 3/1/1 2/1/1 1/1/1
f 6/1/2 5/1/2 4/1/2
f 9/1/3 8/1/3 7/1/3
f 12/1/4 11/1/4 10/1/4
f 15/1/5 14/1/5 13/1/5
f 18/1/6 17/1/6 16/1/6
f 21/1/7 20/1/7 19/1/7
f 24/2/8 23/2/8 22/2/8
f 27/1/9 26/1/9 25/1/9
f 30/2/10 29/2/10 28/2/10
f 33/1/1 32/1/1 31/1/1
f 36/1/11 35/1/11 34/1/11
f 39/1/12 38/1/12 37/1/12
f 42/1/13 41/1/13 40/1/13
f 45/1/14 44/1/14 43/1/14
f 48/1/15 47/1/15 46/1/15
f 51/1/16 50/1/16 49/1/16
f 54/1/17 53/1/17 52/1/17
f 57/1/18 56/1/18 55/1/18
f 60/1/17 59/1/17 58/1/17
s 1
f 63/1/19 62/1/19 61/1/19
s 0
f 66/1/17 65/1/17 64/1/17
f 69/1/20 68/1/20 67/1/20
f 72/1/21 71/1/21 70/1/21
f 75/1/17 74/1/17 73/1/17
f 78/1/17 77/1/17 76/1/17
f 81/1/22 80/1/22 79/1/22
f 84/1/17 83/1/17 82/1/17
f 87/1/23 86/1/23 85/1/23
f 90/1/24 89/1/24 88/1/24
f 93/1/17 92/1/17 91/1/17
f 96/1/25 95/1/25 94/1/25
f 99/1/26 98/1/26 97/1/26
f 102/1/27 101/1/27 100/1/27
f 105/1/28 104/1/28 103/1/28
f 108/1/29 107/1/29 106/1/29
f 111/1/27 110/1/27 109/1/27
f 114/1/30 113/1/30 112/1/30
f 117/1/27 116/1/27 115/1/27
f 120/1/27 119/1/27 118/1/27
f 123/1/31 122/1/31 121/1/31
f 126/1/6 125/1/6 124/1/6
f 129/1/32 128/1/32 127/1/32
f 132/1/33 131/1/33 130/1/33
f 135/1/34 134/1/34 133/1/34
s 1
f 138/1/35 137/1/35 136/1/35
s 0
f 141/1/27 140/1/27 139/1/27
f 144/1/36 143/1/36 142/1/36
f 147/1/37 146/1/37 145/1/37
s 1
f 150/3/38 149/3/38 148/3/38
f 152/3/38 151/3/38 148/3/38
f 154/3/38 153/3/38 150/3/38
f 148/3/38 155/3/38 150/3/38
f 157/3/38 156/3/38 150/3/38
f 150/3/38 158/3/38 149/3/38
f 148/3/38 151/3/38 155/3/38
f 150/3/38 159/3/38 154/3/38
f 150/3/38 161/3/38 160/3/38
f 150/3/38 156/3/38 161/3/38
f 150/3/38 153/3/38 158/3/38
f 148/3/38 162/3/38 152/3/38
f 150/3/38 163/3/38 157/3/38
f 150/3/38 160/3/38 159/3/38
s 0
f 166/3/27 165/3/27 164/3/27
f 168/3/27 167/3/27 166/3/27
f 169/3/39 164/3/39 165/3/39
f 172/3/27 171/3/27 170/3/27
f 170/3/27 173/3/27 172/3/27
f 172/3/40 174/3/40 171/3/40
f 176/3/27 170/3/27 175/3/27
f 175/3/27 168/3/27 176/3/27
f 168/3/27 175/3/27 167/3/27
f 166/3/27 164/3/27 168/3/27
f 178/3/39 177/3/39 169/3/39
f 169/3/27 165/3/27 178/3/27
f 178/3/41 179/3/41 177/3/41
f 170/3/42 176/3/42 173/3/42
f 182/1/43 181/1/43 180/1/43
f 185/1/44 184/1/44 183/1/44
f 188/1/12 187/1/12 186/1/12
f 191/1/45 190/1/45 189/1/45
f 194/1/46 193/1/46 192/1/46
f 197/1/14 196/1/14 195/1/14
f 200/1/47 199/1/47 198/1/47
f 203/1/48 202/1/48 201/1/48
f 206/1/49 205/1/49 204/1/49
f 209/1/50 208/1/50 207/1/50
f 212/1/51 211/1/51 210/1/51
f 215/1/52 214/1/52 213/1/52
f 218/1/53 217/1/53 216/1/53
f 221/1/11 220/1/11 219/1/11
f 224/1/54 223/1/54 222/1/54
f 227/1/13 226/1/13 225/1/13
f 230/1/55 229/1/55 228/1/55
f 233/1/15 232/1/15 231/1/15
f 236/1/56 235/1/56 234/1/56
f 239/1/4 238/1/4 237/1/4
f 242/1/57 241/1/57 240/1/57
f 245/1/58 244/1/58 243/1/58
f 248/1/59 247/1/59 246/1/59
f 251/1/27 250/1/27 249/1/27
f 254/1/60 253/1/60 252/1/60
f 257/1/7 256/1/7 255/1/7
f 260/1/61 259/1/61 258/1/61
f 263/1/62 262/1/62 261/1/62
f 266/1/9 265/1/9 264/1/9
f 269/1/63 268/1/63 267/1/63
f 272/3/17 271/3/17 270/3/17
f 271/3/17 273/3/17 270/3/17
f 276/3/17 275/3/17 274/3/17
f 277/3/17 274/3/17 275/3/17
f 280/3/17 279/3/17 278/3/17
f 279/3/17 281/3/17 278/3/17
f 284/3/17 283/3/17 282/3/17
f 283/3/17 285/3/17 282/3/17
f 288/3/17 287/3/17 286/3/17
f 286/3/17 289/3/17 288/3/17
f 292/3/17 291/3/17 290/3/17
f 290/3/17 293/3/17 292/3/17
f 296/3/17 295/3/17 294/3/17
f 294/3/17 297/3/17 296/3/17
f 300/3/17 299/3/17 298/3/17
f 298/3/17 301/3/17 300/3/17
f 304/3/17 303/3/17 302/3/17
f 303/3/17 305/3/17 302/3/17
f 308/3/17 307/3/17 306/3/17
f 306/3/17 309/3/17 308/3/17
f 312/3/17 311/3/17 310/3/17
f 310/3/17 313/3/17 312/3/17
f 316/3/17 315/3/17 314/3/17
f 317/3/17 314/3/17 315/3/17
f 320/3/17 319/3/17 318/3/17
f 318/3/64 321/3/64 320/3/64
f 324/3/17 323/3/17 322/3/17
f 322/3/17 325/3/17 324/3/17
f 328/3/17 327/3/17 326/3/17
f 326/3/17 329/3/17 328/3/17
f 332/3/17 331/3/17 330/3/17
f 330/3/17 333/3/17 332/3/17
s 1
f 336/3/65 335/3/65 334/3/65
f 334/3/65 337/3/65 336/3/65
s 0
f 340/3/27 339/3/27 338/3/27
f 338/3/27 341/3/27 340/3/27
s 1
f 344/3/66 343/3/67 342/3/68
f 343/3/67 345/3/67 342/3/68
f 348/3/69 347/3/69 346/3/69
f 347/3/69 349/3/69 346/3/69
s 0
f 352/3/27 351/3/27 350/3/27
f 353/3/27 350/3/27 351/3/27
f 356/3/27 355/3/27 354/3/27
f 354/3/27 357/3/27 356/3/27
f 360/3/27 359/3/27 358/3/27
f 358/3/27 361/3/27 360/3/27
f 364/3/27 363/3/27 362/3/27
f 363/3/27 365/3/27 362/3/27
f 368/3/27 367/3/27 366/3/27
f 366/3/27 369/3/27 368/3/27
f 372/3/27 371/3/27 370/3/27
f 370/3/27 373/3/27 372/3/27
f 376/3/27 375/3/27 374/3/27
f 374/3/27 377/3/27 376/3/27
s 1
f 380/3/70 379/3/70 378/3/70
f 378/3/70 381/3/71 380/3/70
s 0
f 384/3/72 383/3/72 382/3/72
f 382/3/73 385/3/73 384/3/73
s 1
f 388/3/74 387/3/74 386/3/74
f 386/3/74 389/3/74 388/3/74
s 0
f 392/3/27 391/3/27 390/3/27
f 393/3/27 390/3/27 391/3/27
f 396/3/27 395/3/27 394/3/27
f 395/3/27 397/3/27 394/3/27
f 400/4/17 399/4/17 398/4/17
f 399/4/17 401/4/17 398/4/17
f 404/4/17 403/4/17 402/4/17
f 405/4/17 402/4/17 403/4/17
f 408/4/64 407/4/64 406/4/64
f 407/4/17 409/4/17 406/4/17
f 412/4/17 411/4/17 410/4/17
f 411/4/17 413/4/17 410/4/17
f 416/4/17 415/4/17 414/4/17
f 414/4/17 417/4/17 416/4/17
f 420/4/17 419/4/17 418/4/17
f 418/4/64 421/4/64 420/4/64
f 424/4/17 423/4/17 422/4/17
f 422/4/17 425/4/17 424/4/17
f 428/4/17 427/4/17 426/4/17
f 427/4/17 429/4/17 426/4/17
f 432/4/17 431/4/17 430/4/17
f 431/4/17 433/4/17 430/4/17
f 436/4/17 435/4/17 434/4/17
f 434/4/17 437/4/17 436/4/17
s 1
f 440/4/75 439/4/75 438/4/75
f 438/4/75 441/4/75 440/4/75
s 0
f 444/4/76 443/4/76 442/4/76
f 445/4/77 442/4/77 443/4/77
s 1
f 448/4/78 447/4/78 446/4/78
f 447/4/78 449/4/78 446/4/78
s 0
f 452/4/17 451/4/17 450/4/17
f 450/4/17 453/4/17 452/4/17
f 456/4/17 455/4/17 454/4/17
f 454/4/17 457/4/17 456/4/17
f 460/4/17 459/4/17 458/4/17
f 458/4/17 461/4/17 460/4/17
s 1
f 464/4/79 463/4/79 462/4/80
f 462/4/80 465/4/79 464/4/79
s 0
f 468/4/27 467/4/27 466/4/27
f 466/4/27 469/4/27 468/4/27
s 1
f 472/4/81 471/4/81 470/4/81
f 471/4/81 473/4/81 470/4/81
f 476/4/82 475/4/82 474/4/82
f 477/4/83 474/4/82 475/4/82
f 480/4/84 479/4/84 478/4/84
f 481/4/84 478/4/84 479/4/84
f 484/4/85 483/4/85 482/4/85
f 482/4/85 485/4/86 484/4/85
s 0
f 488/4/87 487/4/87 486/4/87
f 486/4/87 489/4/87 488/4/87
s 1
f 492/4/88 491/4/88 490/4/88
f 490/4/88 493/4/88 492/4/88
s 0
f 496/4/89 495/4/89 494/4/89
f 494/4/89 497/4/89 496/4/89
s 1
f 500/4/90 499/4/90 498/4/90
f 498/4/90 501/4/90 500/4/90
s 0
f 504/4/27 503/4/27 502/4/27
f 502/4/27 505/4/27 504/4/27
s 1
f 508/4/91 507/4/91 506/4/91
f 506/4/91 509/4/91 508/4/91
s 0
f 512/4/27 511/4/27 510/4/27
f 511/4/27 513/4/27 510/4/27
s 1
f 516/4/92 515/4/92 514/4/92
f 514/4/92 517/4/92 516/4/92
f 520/4/93 519/4/93 518/4/93
f 521/4/93 518/4/93 519/4/93
s 0
f 524/4/94 523/4/94 522/4/94
f 523/4/94 525/4/94 522/4/94
f 528/3/95 527/3/95 526/3/95
f 526/3/96 529/3/96 528/3/96
s 1
f 532/3/97 531/3/98 530/3/98
f 530/3/98 533/3/98 532/3/97
s 0
f 536/3/99 535/3/99 534/3/99
f 534/3/99 537/3/99 536/3/99
f 540/3/100 539/3/100 538/3/100
f 538/3/101 541/3/101 540/3/101
s 1
f 544/3/102 543/3/102 542/3/103
f 542/3/103 545/3/102 544/3/102
s 0
f 548/3/104 547/3/104 546/3/104
f 546/3/104 549/3/104 548/3/104
s 1
f 552/3/105 551/3/105 550/3/106
f 550/3/106 553/3/107 552/3/105
f 556/3/108 555/3/108 554/3/109
f 554/3/109 557/3/109 556/3/108
s 0
f 560/3/17 559/3/17 558/3/17
f 559/3/17 561/3/17 558/3/17
s 1
f 564/3/110 563/3/110 562/3/110
f 562/3/110 565/3/110 564/3/110
s 0
f 568/3/111 567/3/111 566/3/111
f 567/3/111 569/3/111 566/3/111
s 1
f 572/3/112 571/3/112 570/3/113
f 573/3/112 570/3/113 571/3/112
f 576/3/114 575/3/114 574/3/114
f 575/3/114 577/3/114 574/3/114
s 0
f 580/3/17 579/3/17 578/3/17
f 578/3/17 581/3/17 580/3/17
f 584/3/17 583/3/17 582/3/17
f 582/3/17 585/3/17 584/3/17
s 1
f 588/3/115 587/3/115 586/3/116
f 586/3/116 589/3/116 588/3/115
s 0
f 592/3/117 591/3/117 590/3/117
f 590/3/118 593/3/118 592/3/118
f 596/3/27 595/3/27 594/3/27
f 594/3/27 597/3/27 596/3/27
s 1
f 600/3/119 599/3/120 598/3/119
f 599/3/120 601/3/120 598/3/119
f 604/3/121 603/3/121 602/3/121
f 602/3/121 605/3/121 604/3/121
f 608/3/122 607/3/123 606/3/122
f 609/3/123 606/3/122 607/3/123
f 612/3/124 611/3/124 610/3/125
f 610/3/125 613/3/126 612/3/124
f 616/3/127 615/3/127 614/3/128
f 614/3/128 617/3/127 616/3/127
f 620/3/129 619/3/130 618/3/130
f 619/3/130 621/3/130 618/3/130
s 0
f 624/3/27 623/3/27 622/3/27
f 622/3/27 625/3/27 624/3/27
s 1
f 628/3/131 627/3/132 626/3/132
f 626/3/132 629/3/132 628/3/131
s 0
f 632/3/27 631/3/27 630/3/27
f 630/3/27 633/3/27 632/3/27
s 1
f 636/3/133 635/3/134 634/3/134
f 634/3/134 637/3/134 636/3/133
s 0
f 640/3/27 639/3/27 638/3/27
f 639/3/27 641/3/27 638/3/27
s 1
f 644/3/135 643/3/136 642/3/136
f 642/3/136 645/3/136 644/3/135
f 648/3/137 647/3/138 646/3/139
f 649/3/137 646/3/139 647/3/138
s 0
f 652/3/27 651/3/27 650/3/27
f 651/3/27 653/3/27 650/3/27
f 656/4/17 655/4/17 654/4/17
f 655/4/17 657/4/17 654/4/17
s 1
f 660/4/140 659/4/141 658/4/140
f 661/4/140 658/4/140 659/4/141
s 0
f 664/4/17 663/4/17 662/4/17
f 663/4/17 665/4/17 662/4/17
f 668/4/17 667/4/17 666/4/17
f 667/4/17 669/4/17 666/4/17
s 1
f 672/4/142 671/4/142 670/4/142
f 670/4/142 673/4/142 672/4/142
s 0
f 676/4/17 675/4/17 674/4/17
f 674/4/17 677/4/17 676/4/17
f 680/4/17 679/4/17 678/4/17
f 678/4/17 681/4/17 680/4/17
s 1
f 684/4/143 683/4/143 682/4/143
f 682/4/143 685/4/143 684/4/143
s 0
f 688/4/17 687/4/17 686/4/17
f 687/4/17 689/4/17 686/4/17
s 1
f 692/4/144 691/4/145 690/4/145
f 690/4/145 693/4/145 692/4/144
f 696/4/146 695/4/147 694/4/146
f 695/4/147 697/4/146 694/4/146
f 700/4/148 699/4/148 698/4/148
f 699/4/148 701/4/148 698/4/148
f 704/4/149 703/4/149 702/4/149
f 703/4/149 705/4/150 702/4/149
f 708/4/151 707/4/151 706/4/151
f 706/4/151 709/4/151 708/4/151
s 0
f 712/4/152 711/4/152 710/4/152
f 710/4/152 713/4/152 712/4/152
s 1
f 716/4/153 715/4/153 714/4/154
f 714/4/154 717/4/154 716/4/153
s 0
f 720/4/155 719/4/155 718/4/155
f 718/4/156 721/4/156 720/4/156
f 724/4/27 723/4/27 722/4/27
f 722/4/27 725/4/27 724/4/27
s 1
f 728/4/157 727/4/157 726/4/157
f 727/4/157 729/4/157 726/4/157
f 732/4/158 731/4/158 730/4/158
f 730/4/158 733/4/158 732/4/158
f 736/4/159 735/4/159 734/4/160
f 737/4/160 734/4/160 735/4/159
f 740/4/161 739/4/161 738/4/162
f 738/4/162 741/4/163 740/4/161
f 744/4/164 743/4/164 742/4/164
f 742/4/164 745/4/164 744/4/164
f 748/4/165 747/4/166 746/4/166
f 747/4/166 749/4/166 746/4/166
s 0
f 752/4/27 751/4/27 750/4/27
f 750/4/27 753/4/27 752/4/27
s 1
f 756/4/167 755/4/167 754/4/167
f 754/4/167 757/4/167 756/4/167
s 0
f 760/4/27 759/4/27 758/4/27
f 758/4/27 761/4/27 760/4/27
s 1
f 764/4/168 763/4/169 762/4/168
f 762/4/168 765/4/168 764/4/168
s 0
f 768/4/170 767/4/170 766/4/170
f 767/4/170 769/4/170 766/4/170
s 1
f 772/4/171 771/4/171 770/4/171
f 770/4/171 773/4/171 772/4/171
f 776/4/172 775/4/172 774/4/172
f 777/4/173 774/4/172 775/4/172
s 0
f 780/4/27 779/4/27 778/4/27
f 779/4/27 781/4/27 778/4/27
f 784/3/17 783/3/17 782/3/17
f 783/3/17 785/3/17 782/3/17
s 1
f 788/3/174 787/3/175 786/3/174
f 786/3/174 789/3/175 788/3/174
f 792/3/176 791/3/177 790/3/177
f 790/3/177 793/3/177 792/3/176
s 0
f 796/3/17 795/3/17 794/3/17
f 795/3/17 797/3/17 794/3/17
s 1
f 800/3/178 799/3/178 798/3/178
f 798/3/178 801/3/178 800/3/178
s 0
f 804/3/17 803/3/17 802/3/17
f 802/3/64 805/3/64 804/3/64
f 808/3/17 807/3/17 806/3/17
f 806/3/17 809/3/17 808/3/17
s 1
f 812/3/179 811/3/179 810/3/179
f 810/3/179 813/3/179 812/3/179
s 0
f 816/3/17 815/3/17 814/3/17
f 815/3/17 817/3/17 814/3/17
s 1
f 820/3/180 819/3/180 818/3/181
f 818/3/181 821/3/181 820/3/180
f 824/3/182 823/3/182 822/3/182
f 822/3/182 825/3/182 824/3/182
s 0
f 828/3/183 827/3/183 826/3/183
f 826/3/183 829/3/183 828/3/183
s 1
f 832/3/184 831/3/185 830/3/185
f 830/3/185 833/3/185 832/3/184
f 836/3/186 835/3/186 834/3/186
f 834/3/186 837/3/186 836/3/186
s 0
f 840/3/17 839/3/17 838/3/17
f 838/3/17 841/3/17 840/3/17
f 844/3/17 843/3/17 842/3/17
f 842/3/17 845/3/17 844/3/17
s 1
f 848/3/187 847/3/187 846/3/187
f 846/3/187 849/3/187 848/3/187
s 0
f 852/3/188 851/3/188 850/3/188
f 850/3/189 853/3/189 852/3/189
s 1
f 856/3/190 855/3/190 854/3/190
f 854/3/190 857/3/190 856/3/190
f 860/3/191 859/3/192 858/3/193
f 858/3/193 861/3/192 860/3/191
f 864/3/194 863/3/194 862/3/194
f 862/3/194 865/3/194 864/3/194
f 868/3/195 867/3/195 866/3/196
f 866/3/196 869/3/195 868/3/195
f 872/3/197 871/3/197 870/3/197
f 870/3/197 873/3/198 872/3/197
f 876/3/199 875/3/199 874/3/199
f 875/3/199 877/3/199 874/3/199
s 0
f 880/3/200 879/3/200 878/3/200
f 879/3/200 881/3/200 878/3/200
s 1
f 884/3/201 883/3/202 882/3/201
f 882/3/201 885/3/201 884/3/201
s 0
f 888/3/203 887/3/203 886/3/203
f 886/3/203 889/3/203 888/3/203
f 892/3/204 891/3/204 890/3/204
f 890/3/204 893/3/204 892/3/204
s 1
f 896/3/205 895/3/205 894/3/205
f 894/3/205 897/3/205 896/3/205
s 0
f 900/3/27 899/3/27 898/3/27
f 899/3/27 901/3/27 898/3/27
s 1
f 904/3/206 903/3/206 902/3/206
f 902/3/206 905/3/206 904/3/206
s 0
f 908/3/207 907/3/207 906/3/207
s 1
f 906/3/207 909/3/207 908/3/207
s 0
f 912/4/17 911/4/17 910/4/17
f 911/4/17 913/4/17 910/4/17
s 1
f 916/4/208 915/4/208 914/4/208
f 914/4/208 917/4/209 916/4/208
f 920/4/210 919/4/210 918/4/211
f 919/4/210 921/4/212 918/4/211
s 0
f 924/4/17 923/4/17 922/4/17
f 923/4/64 925/4/64 922/4/64
s 1
f 928/4/213 927/4/213 926/4/213
f 926/4/213 929/4/213 928/4/213
s 0
f 932/4/214 931/4/214 930/4/214
f 931/4/215 933/4/215 930/4/215
f 936/4/216 935/4/216 934/4/216
f 937/4/216 934/4/216 935/4/216
s 1
f 940/4/217 939/4/217 938/4/217
f 938/4/217 941/4/217 940/4/217
s 0
f 944/4/17 943/4/17 942/4/17
f 943/4/17 945/4/17 942/4/17
s 1
f 948/4/218 947/4/218 946/4/218
f 946/4/218 949/4/218 948/4/218
s 0
f 952/4/17 951/4/17 950/4/17
f 950/4/17 953/4/17 952/4/17
f 956/4/64 955/4/64 954/4/64
f 955/4/17 957/4/17 954/4/17
s 1
f 960/4/219 959/4/219 958/4/219
f 959/4/219 961/4/219 958/4/219
f 964/4/220 963/4/220 962/4/220
f 962/4/220 965/4/220 964/4/220
s 0
f 968/4/17 967/4/17 966/4/17
f 966/4/17 969/4/17 968/4/17
f 972/4/17 971/4/17 970/4/17
f 970/4/17 973/4/17 972/4/17
f 976/4/221 975/4/221 974/4/221
f 974/4/222 977/4/222 976/4/222
s 1
f 980/4/223 979/4/223 978/4/223
f 978/4/223 981/4/223 980/4/223
s 0
f 984/4/27 983/4/27 982/4/27
f 982/4/27 985/4/27 984/4/27
s 1
f 988/4/224 987/4/225 986/4/226
f 986/4/226 989/4/226 988/4/224
s 0
f 992/4/27 991/4/27 990/4/27
f 991/4/27 993/4/27 990/4/27
f 996/4/27 995/4/27 994/4/27
f 994/4/27 997/4/27 996/4/27
s 1
f 1000/4/227 999/4/227 998/4/227
f 998/4/227 1001/4/227 1000/4/227
s 0
f 1004/4/27 1003/4/27 1002/4/27
f 1003/4/27 1005/4/27 1002/4/27
f 1008/4/27 1007/4/27 1006/4/27
f 1006/4/27 1009/4/27 1008/4/27
s 1
f 1012/4/228 1011/4/228 1010/4/228
f 1010/4/228 1013/4/229 1012/4/228
s 0
f 1016/4/27 1015/4/27 1014/4/27
f 1014/4/27 1017/4/27 1016/4/27
f 1020/4/27 1019/4/27 1018/4/27
f 1018/4/27 1021/4/27 1020/4/27
s 1
f 1024/4/230 1023/4/230 1022/4/230
f 1022/4/230 1025/4/230 1024/4/230
f 1028/4/231 1027/4/232 1026/4/231
f 1026/4/231 1029/4/231 1028/4/231
s 0
f 1032/4/233 1031/4/233 1030/4/233
f 1030/4/233 1033/4/233 1032/4/233
f 1036/4/234 1035/4/234 1034/4/234
f 1034/4/234 1037/4/234 1036/4/234
f 1040/3/17 1039/3/17 1038/3/17
f 1039/3/17 1041/3/17 1038/3/17
s 1
f 1044/3/235 1043/3/235 1042/3/235
f 1045/3/235 1043/3/235 1044/3/235
f 1048/3/236 1047/3/236 1046/3/236
f 1047/3/236 1049/3/237 1046/3/236
s 0
f 1052/3/238 1051/3/238 1050/3/238
f 1051/3/238 1053/3/238 1050/3/238
s 1
f 1056/3/239 1055/3/239 1054/3/240
f 1054/3/240 1057/3/240 1056/3/239
s 0
f 1060/3/241 1059/3/241 1058/3/241
f 1058/3/241 1061/3/241 1060/3/241
f 1064/3/242 1063/3/242 1062/3/242
f 1062/3/242 1065/3/242 1064/3/242
s 1
f 1068/3/243 1067/3/243 1066/3/243
f 1066/3/243 1069/3/243 1068/3/243
s 0
f 1072/3/17 1071/3/17 1070/3/17
f 1070/3/17 1073/3/17 1072/3/17
s 1
f 1076/3/244 1075/3/244 1074/3/244
f 1074/3/244 1077/3/244 1076/3/244
s 0
f 1080/3/245 1079/3/245 1078/3/245
f 1078/3/245 1081/3/245 1080/3/245
f 1084/3/246 1083/3/246 1082/3/246
f 1082/3/246 1085/3/246 1084/3/246
s 1
f 1088/3/247 1087/3/247 1086/3/247
f 1089/3/247 1086/3/247 1087/3/247
f 1092/3/248 1091/3/248 1090/3/248
f 1090/3/248 1093/3/248 1092/3/248
s 0
f 1096/3/17 1095/3/17 1094/3/17
f 1094/3/17 1097/3/17 1096/3/17
f 1100/3/17 1099/3/17 1098/3/17
f 1098/3/17 1101/3/17 1100/3/17
f 1104/3/27 1103/3/27 1102/3/27
f 1102/3/27 1105/3/27 1104/3/27
s 1
f 1108/3/249 1107/3/249 1106/3/250
f 1106/3/250 1109/3/250 1108/3/249
f 1112/3/251 1111/3/251 1110/3/252
f 1110/3/252 1113/3/251 1112/3/251
f 1116/3/253 1115/3/253 1114/3/253
f 1114/3/253 1117/3/253 1116/3/253
f 1120/3/254 1119/3/254 1118/3/254
f 1119/3/254 1121/3/254 1118/3/254
s 0
f 1124/3/255 1123/3/255 1122/3/255
f 1122/3/255 1125/3/255 1124/3/255
s 1
f 1128/3/256 1127/3/256 1126/3/256
f 1126/3/256 1129/3/256 1128/3/256
s 0
f 1132/3/27 1131/3/27 1130/3/27
f 1131/3/27 1133/3/27 1130/3/27
s 1
f 1136/3/257 1135/3/257 1134/3/257
f 1134/3/257 1137/3/257 1136/3/257
f 1140/3/258 1139/3/259 1138/3/259
f 1138/3/259 1141/3/259 1140/3/258
s 0
f 1144/3/260 1143/3/260 1142/3/260
f 1142/3/260 1145/3/260 1144/3/260
s 1
f 1148/3/261 1147/3/261 1146/3/261
f 1146/3/261 1149/3/261 1148/3/261
f 1152/3/262 1151/3/262 1150/3/262
f 1150/3/262 1153/3/262 1152/3/262
f 1156/3/263 1155/3/263 1154/3/263
f 1155/3/263 1157/3/263 1154/3/263
s 0
f 1160/3/27 1159/3/27 1158/3/27
f 1161/3/27 1158/3/27 1159/3/27
f 1164/3/27 1163/3/27 1162/3/27
f 1163/3/27 1165/3/27 1162/3/27
s 1
f 1168/4/264 1167/4/264 1166/4/264
f 1167/4/264 1169/4/264 1166/4/264
f 1172/4/265 1171/4/265 1170/4/265
f 1173/4/265 1171/4/265 1172/4/265
s 0
f 1176/4/17 1175/4/17 1174/4/17
f 1175/4/17 1177/4/17 1174/4/17
f 1180/4/17 1179/4/17 1178/4/17
f 1179/4/64 1181/4/64 1178/4/64
s 1
f 1184/4/266 1183/4/267 1182/4/268
f 1182/4/268 1185/4/266 1184/4/266
s 0
f 1188/4/17 1187/4/17 1186/4/17
f 1186/4/17 1189/4/17 1188/4/17
f 1192/4/17 1191/4/17 1190/4/17
f 1190/4/17 1193/4/17 1192/4/17
s 1
f 1196/4/269 1195/4/269 1194/4/269
f 1194/4/269 1197/4/269 1196/4/269
s 0
f 1200/4/17 1199/4/17 1198/4/17
f 1199/4/17 1201/4/17 1198/4/17
s 1
f 1204/4/270 1203/4/270 1202/4/270
f 1202/4/270 1205/4/270 1204/4/270
s 0
f 1208/4/17 1207/4/17 1206/4/17
f 1206/4/17 1209/4/17 1208/4/17
f 1212/4/17 1211/4/17 1210/4/17
f 1211/4/17 1213/4/17 1210/4/17
f 1216/4/17 1215/4/17 1214/4/17
f 1214/4/17 1217/4/17 1216/4/17
s 1
f 1220/4/271 1219/4/271 1218/4/271
f 1218/4/271 1221/4/271 1220/4/271
f 1224/4/272 1223/4/272 1222/4/272
f 1222/4/272 1225/4/273 1224/4/272
s 0
f 1228/4/17 1227/4/17 1226/4/17
f 1226/4/17 1229/4/17 1228/4/17
f 1232/4/27 1231/4/27 1230/4/27
f 1230/4/27 1233/4/27 1232/4/27
f 1236/4/27 1235/4/27 1234/4/27
f 1234/4/27 1237/4/27 1236/4/27
s 1
f 1240/4/274 1239/4/274 1238/4/274
f 1238/4/274 1241/4/274 1240/4/274
s 0
f 1244/4/27 1243/4/27 1242/4/27
f 1242/4/27 1245/4/27 1244/4/27
s 1
f 1248/4/275 1247/4/275 1246/4/275
f 1246/4/275 1249/4/276 1248/4/275
s 0
f 1252/4/277 1251/4/277 1250/4/277
f 1250/4/277 1253/4/277 1252/4/277
s 1
f 1256/4/278 1255/4/279 1254/4/279
f 1254/4/279 1257/4/279 1256/4/278
s 0
f 1260/4/27 1259/4/27 1258/4/27
f 1259/4/27 1261/4/27 1258/4/27
s 1
f 1264/4/280 1263/4/281 1262/4/282
f 1262/4/282 1265/4/283 1264/4/280
f 1268/4/284 1267/4/284 1266/4/285
f 1266/4/285 1269/4/285 1268/4/284
s 0
f 1272/4/27 1271/4/27 1270/4/27
f 1270/4/27 1273/4/27 1272/4/27
s 1
f 1276/4/286 1275/4/287 1274/4/287
f 1274/4/287 1277/4/286 1276/4/286
f 1280/4/288 1279/4/288 1278/4/288
f 1278/4/288 1281/4/288 1280/4/288
f 1284/4/289 1283/4/289 1282/4/289
f 1283/4/289 1285/4/289 1282/4/289
s 0
f 1288/4/27 1287/4/27 1286/4/27
f 1289/4/27 1287/4/27 1288/4/27
f 1292/4/27 1291/4/27 1290/4/27
f 1291/4/27 1293/4/27 1290/4/27
s 1
f 1296/3/290 1295/3/291 1294/3/291
f 1296/3/290 1297/3/291 1295/3/291
s 0
f 1300/3/64 1299/3/64 1298/3/64
f 1301/3/64 1299/3/64 1300/3/64
f 1304/3/17 1303/3/17 1302/3/17
f 1303/3/17 1305/3/17 1302/3/17
f 1308/3/17 1307/3/17 1306/3/17
f 1306/3/17 1309/3/17 1308/3/17
s 1
f 1312/3/292 1311/3/292 1310/3/293
f 1310/3/293 1313/3/292 1312/3/292
s 0
f 1316/3/17 1315/3/17 1314/3/17
f 1314/3/17 1317/3/17 1316/3/17
f 1320/3/17 1319/3/17 1318/3/17
f 1318/3/17 1321/3/17 1320/3/17
s 1
f 1324/3/294 1323/3/295 1322/3/296
f 1322/3/296 1325/3/295 1324/3/294
s 0
f 1328/3/17 1327/3/17 1326/3/17
f 1327/3/17 1329/3/17 1326/3/17
s 1
f 1332/3/297 1331/3/297 1330/3/298
f 1330/3/298 1333/3/297 1332/3/297
s 0
f 1336/3/17 1335/3/17 1334/3/17
f 1334/3/64 1337/3/64 1336/3/64
f 1340/3/64 1339/3/64 1338/3/64
f 1339/3/17 1341/3/17 1338/3/17
f 1344/3/17 1343/3/17 1342/3/17
f 1342/3/17 1345/3/17 1344/3/17
s 1
f 1348/3/299 1347/3/300 1346/3/301
f 1346/3/301 1349/3/299 1348/3/299
f 1352/3/302 1351/3/302 1350/3/302
f 1350/3/302 1353/3/302 1352/3/302
s 0
f 1356/3/303 1355/3/303 1354/3/303
f 1354/3/304 1357/3/304 1356/3/304
f 1360/3/27 1359/3/27 1358/3/27
f 1358/3/27 1361/3/27 1360/3/27
f 1364/3/27 1363/3/27 1362/3/27
s 1
f 1362/3/27 1365/3/27 1364/3/27
f 1368/3/305 1367/3/305 1366/3/306
f 1366/3/306 1369/3/305 1368/3/305
s 0
f 1372/3/27 1371/3/27 1370/3/27
f 1370/3/27 1373/3/27 1372/3/27
s 1
f 1376/3/307 1375/3/307 1374/3/307
f 1374/3/307 1377/3/307 1376/3/307
s 0
f 1380/3/308 1379/3/308 1378/3/308
f 1378/3/309 1381/3/309 1380/3/309
s 1
f 1384/3/310 1383/3/310 1382/3/310
f 1382/3/310 1385/3/310 1384/3/310
s 0
f 1388/3/27 1387/3/27 1386/3/27
f 1387/3/27 1389/3/27 1386/3/27
s 1
f 1392/3/311 1391/3/311 1390/3/312
f 1390/3/312 1393/3/311 1392/3/311
f 1396/3/313 1395/3/313 1394/3/313
f 1397/3/313 1395/3/313 1396/3/313
s 0
f 1400/3/314 1399/3/314 1398/3/314
f 1400/3/314 1401/3/314 1399/3/314
s 1
f 1404/3/315 1403/3/316 1402/3/317
f 1402/3/317 1405/3/316 1404/3/315
f 1408/3/318 1407/3/318 1406/3/319
f 1406/3/319 1409/3/318 1408/3/318
f 1412/3/320 1411/3/321 1410/3/321
f 1411/3/321 1413/3/320 1410/3/321
s 0
f 1416/3/27 1415/3/27 1414/3/27
f 1417/3/27 1415/3/27 1416/3/27
f 1420/3/27 1419/3/27 1418/3/27
f 1420/3/27 1421/3/27 1419/3/27
f 1424/4/64 1423/4/64 1422/4/64
f 1424/4/17 1425/4/17 1423/4/17
f 1428/4/17 1427/4/17 1426/4/17
f 1429/4/17 1427/4/17 1428/4/17
f 1432/4/17 1431/4/17 1430/4/17
f 1432/4/17 1433/4/17 1431/4/17
f 1436/4/322 1435/4/322 1434/4/322
f 1434/4/64 1437/4/64 1436/4/64
s 1
f 1440/4/323 1439/4/323 1438/4/323
f 1438/4/323 1441/4/323 1440/4/323
s 0
f 1444/4/324 1443/4/324 1442/4/324
f 1444/4/325 1445/4/325 1443/4/325
f 1448/4/326 1447/4/326 1446/4/326
f 1447/4/327 1448/4/327 1449/4/327
s 1
f 1452/4/328 1451/4/328 1450/4/328
f 1450/4/328 1453/4/328 1452/4/328
s 0
f 1456/4/17 1455/4/17 1454/4/17
f 1455/4/64 1457/4/64 1454/4/64
s 1
f 1460/4/329 1459/4/329 1458/4/329
f 1458/4/329 1461/4/329 1460/4/329
s 0
f 1464/4/64 1463/4/64 1462/4/64
f 1462/4/17 1465/4/17 1464/4/17
f 1468/4/17 1467/4/17 1466/4/17
f 1468/4/17 1469/4/17 1467/4/17
f 1472/4/17 1471/4/17 1470/4/17
f 1470/4/17 1473/4/17 1472/4/17
f 1476/4/17 1475/4/17 1474/4/17
f 1474/4/17 1477/4/17 1476/4/17
s 1
f 1480/4/330 1479/4/331 1478/4/331
f 1478/4/331 1481/4/331 1480/4/330
s 0
f 1484/4/64 1483/4/64 1482/4/64
f 1482/4/17 1485/4/17 1484/4/17
f 1488/4/332 1487/4/332 1486/4/332
f 1486/4/333 1489/4/333 1488/4/333
f 1492/4/334 1491/4/334 1490/4/334
f 1490/4/334 1493/4/334 1492/4/334
s 1
f 1496/4/335 1495/4/335 1494/4/335
f 1494/4/335 1497/4/335 1496/4/335
s 0
f 1500/4/27 1499/4/27 1498/4/27
f 1498/4/27 1501/4/27 1500/4/27
s 1
f 1504/4/336 1503/4/336 1502/4/336
f 1502/4/336 1505/4/337 1504/4/336
f 1508/4/338 1507/4/338 1506/4/338
s 0
f 1506/4/339 1509/4/339 1508/4/339
s 1
f 1512/4/340 1511/4/341 1510/4/342
f 1510/4/342 1513/4/342 1512/4/340
s 0
f 1516/4/343 1515/4/343 1514/4/343
f 1515/4/343 1517/4/343 1514/4/343
s 1
f 1520/4/344 1519/4/344 1518/4/345
f 1518/4/345 1521/4/346 1520/4/344
s 0
f 1524/4/347 1523/4/347 1522/4/347
f 1522/4/348 1525/4/348 1524/4/348
f 1528/4/349 1527/4/349 1526/4/349
f 1528/4/350 1529/4/350 1527/4/350
s 1
f 1532/4/351 1531/4/351 1530/4/351
f 1530/4/351 1533/4/351 1532/4/351
s 0
f 1536/4/27 1535/4/27 1534/4/27
f 1534/4/27 1537/4/27 1536/4/27
s 1
f 1540/4/352 1539/4/353 1538/4/353
f 1540/4/352 1541/4/352 1539/4/353
s 0
f 1544/4/354 1543/4/354 1542/4/354
f 1543/4/354 1544/4/354 1545/4/354
f 1548/4/355 1547/4/355 1546/4/355
f 1548/4/356 1549/4/356 1547/4/356
f 1552/1/43 1551/1/43 1550/1/43
f 1555/1/43 1554/1/43 1553/1/43
f 1558/1/357 1557/1/357 1556/1/357
f 1561/1/358 1560/1/358 1559/1/358
f 1564/1/359 1563/1/359 1562/1/359
f 1567/1/360 1566/1/360 1565/1/360
f 1570/2/361 1569/2/361 1568/2/361
f 1573/2/362 1572/2/362 1571/2/362
f 1576/1/363 1575/1/363 1574/1/363
f 1579/1/364 1578/1/364 1577/1/364
f 1582/2/49 1581/2/49 1580/2/49
f 1585/1/365 1584/1/365 1583/1/365
f 1588/1/53 1587/1/53 1586/1/53
f 1591/5/53 1590/5/53 1589/5/53
f 1594/5/366 1593/5/366 1592/5/366
f 1597/1/53 1596/1/53 1595/1/53
f 1600/2/53 1599/2/53 1598/2/53
f 1603/2/367 1602/2/367 1601/2/367
f 1606/2/368 1605/2/368 1604/2/368
f 1609/5/369 1608/5/369 1607/5/369
f 1612/1/370 1611/1/370 1610/1/370
f 1615/1/371 1614/1/371 1613/1/371
f 1618/1/372 1617/1/372 1616/1/372
f 1621/2/373 1620/2/373 1619/2/373
f 1624/1/15 1623/1/15 1622/1/15
f 1627/1/63 1626/1/63 1625/1/63
f 1630/1/63 1629/1/63 1628/1/63
f 1633/5/374 1632/5/374 1631/5/374
s 1
f 1636/5/63 1635/5/63 1634/5/63
s 0
f 1639/1/375 1638/1/375 1637/1/375
f 1642/1/376 1641/1/376 1640/1/376
f 1645/1/377 1644/1/377 1643/1/377
f 1648/2/378 1647/2/378 1646/2/378
f 1651/2/379 1650/2/379 1649/2/379
f 1654/1/380 1653/1/380 1652/1/380
f 1657/1/381 1656/1/381 1655/1/381
f 1660/1/382 1659/1/382 1658/1/382
f 1663/1/382 1662/1/382 1661/1/382
f 1666/1/51 1665/1/51 1664/1/51
f 1669/1/51 1668/1/51 1667/1/51
f 1672/1/383 1671/1/383 1670/1/383
f 1675/1/384 1674/1/384 1673/1/384
f 1678/2/385 1677/2/385 1676/2/385
f 1681/2/386 1680/2/386 1679/2/386
f 1684/1/387 1683/1/387 1682/1/387
f 1687/1/388 1686/1/388 1685/1/388
f 1690/1/11 1689/1/11 1688/1/11
f 1693/5/389 1692/5/389 1691/5/389
f 1696/1/11 1695/1/11 1694/1/11
f 1699/1/13 1698/1/13 1697/1/13
f 1702/1/61 1701/1/61 1700/1/61
f 1705/1/61 1704/1/61 1703/1/61
f 1708/1/390 1707/1/390 1706/1/390
f 1711/5/61 1710/5/61 1709/5/61
f 1714/1/61 1713/1/61 1712/1/61
f 1717/1/391 1716/1/391 1715/1/391
f 1720/1/392 1719/1/392 1718/1/392
f 1723/1/393 1722/1/393 1721/1/393
s 1
f 1726/2/394 1725/2/394 1724/2/394
s 0
f 1729/1/395 1728/1/395 1727/1/395
f 1732/1/396 1731/1/396 1730/1/396
f 1735/1/12 1734/1/12 1733/1/12
f 1738/1/12 1737/1/12 1736/1/12
f 1741/1/48 1740/1/48 1739/1/48
f 1744/1/48 1743/1/48 1742/1/48
f 1747/2/48 1746/2/48 1745/2/48
s 1
f 1750/1/397 1749/1/397 1748/1/397
s 0
f 1753/2/48 1752/2/48 1751/2/48
f 1756/1/398 1755/1/398 1754/1/398
f 1759/1/399 1758/1/399 1757/1/399
s 1
f 1762/1/400 1761/1/400 1760/1/400
s 0
f 1765/1/401 1764/1/401 1763/1/401
f 1768/1/402 1767/1/402 1766/1/402
f 1771/5/403 1770/5/403 1769/5/403
f 1774/1/404 1773/1/404 1772/1/404
f 1777/1/11 1776/1/11 1775/1/11
f 1780/1/60 1779/1/60 1778/1/60
f 1783/2/60 1782/2/60 1781/2/60
f 1786/1/405 1785/1/405 1784/1/405
f 1789/1/60 1788/1/60 1787/1/60
f 1792/1/60 1791/1/60 1790/1/60
f 1795/1/406 1794/1/406 1793/1/406
f 1798/1/407 1797/1/407 1796/1/407
f 1801/1/408 1800/1/408 1799/1/408
f 1804/1/409 1803/1/409 1802/1/409
f 1807/1/1 1806/1/1 1805/1/1
f 1810/1/9 1809/1/9 1808/1/9
f 1813/1/410 1812/1/410 1811/1/410
f 1816/1/1 1815/1/1 1814/1/1
f 1819/1/46 1818/1/46 1817/1/46
f 1822/2/46 1821/2/46 1820/2/46
f 1825/2/46 1824/2/46 1823/2/46
f 1828/1/411 1827/1/411 1826/1/411
f 1831/1/46 1830/1/46 1829/1/46
f 1834/5/412 1833/5/412 1832/5/412
f 1837/5/413 1836/5/413 1835/5/413
f 1840/5/414 1839/5/414 1838/5/414
f 1843/2/415 1842/2/415 1841/2/415
f 1846/2/416 1845/2/416 1844/2/416
f 1849/1/52 1848/1/52 1847/1/52
f 1852/1/417 1851/1/417 1850/1/417
f 1855/2/418 1854/2/418 1853/2/418
f 1858/2/59 1857/2/59 1856/2/59
f 1861/2/59 1860/2/59 1859/2/59
f 1864/1/419 1863/1/419 1862/1/419
f 1867/1/420 1866/1/420 1865/1/420
f 1870/1/420 1869/1/420 1868/1/420
f 1873/1/421 1872/1/421 1871/1/421
f 1876/5/422 1875/5/422 1874/5/422
f 1879/1/423 1878/1/423 1877/1/423
f 1882/1/424 1881/1/424 1880/1/424
f 1885/1/425 1884/1/425 1883/1/425
f 1888/1/426 1887/1/426 1886/1/426
f 1891/1/1 1890/1/1 1889/1/1
f 1894/1/9 1893/1/9 1892/1/9
f 1897/1/44 1896/1/44 1895/1/44
f 1900/2/44 1899/2/44 1898/2/44
f 1903/2/44 1902/2/44 1901/2/44
f 1906/1/427 1905/1/427 1904/1/427
f 1909/5/428 1908/5/428 1907/5/428
f 1912/5/429 1911/5/429 1910/5/429
f 1915/5/430 1914/5/430 1913/5/430
f 1918/5/431 1917/5/431 1916/5/431
f 1921/1/432 1920/1/432 1919/1/432
f 1924/2/433 1923/2/433 1922/2/433
f 1927/1/434 1926/1/434 1925/1/434
f 1930/1/435 1929/1/435 1928/1/435
f 1933/1/436 1932/1/436 1931/1/436
f 1936/5/57 1935/5/57 1934/5/57
f 1939/2/57 1938/2/57 1937/2/57
f 1942/1/437 1941/1/437 1940/1/437
f 1945/1/57 1944/1/57 1943/1/57
f 1948/1/57 1947/1/57 1946/1/57
f 1951/1/438 1950/1/438 1949/1/438
f 1954/5/439 1953/5/439 1952/5/439
f 1957/1/440 1956/1/440 1955/1/440
f 1960/1/441 1959/1/441 1958/1/441
f 1963/5/7 1962/5/7 1961/5/7
f 1966/5/7 1965/5/7 1964/5/7
f 1969/1/7 1968/1/7 1967/1/7
f 1972/1/7 1971/1/7 1970/1/7
f 1975/1/2 1974/1/2 1973/1/2
f 1978/1/2 1977/1/2 1976/1/2
f 1981/2/2 1980/2/2 1979/2/2
s 1
f 1984/1/442 1983/1/442 1982/1/442
s 0
f 1987/1/443 1986/1/443 1985/1/443
f 1990/5/444 1989/5/444 1988/5/444
f 1993/5/445 1992/5/445 1991/5/445
f 1996/5/446 1995/5/446 1994/5/446
f 1999/1/447 1998/1/447 1997/1/447
f 2002/1/448 2001/1/448 2000/1/448
f 2005/1/449 2004/1/449 2003/1/449
f 2008/1/450 2007/1/450 2006/1/450
f 2011/1/451 2010/1/451 2009/1/451
f 2014/1/56 2013/1/56 2012/1/56
f 2017/1/56 2016/1/56 2015/1/56
f 2020/1/452 2019/1/452 2018/1/452
f 2023/1/56 2022/1/56 2021/1/56
f 2026/1/453 2025/1/453 2024/1/453
f 2029/1/454 2028/1/454 2027/1/454
f 2032/1/455 2031/1/455 2030/1/455
f 2035/2/456 2034/2/456 2033/2/456
f 2038/1/457 2037/1/457 2036/1/457
f 2041/5/6 2040/5/6 2039/5/6
f 2044/5/6 2043/5/6 2042/5/6
f 2047/1/6 2046/1/6 2045/1/6
f 2050/1/6 2049/1/6 2048/1/6
f 2053/1/62 2052/1/62 2051/1/62
f 2056/1/62 2055/1/62 2054/1/62
f 2059/1/62 2058/1/62 2057/1/62
f 2062/1/458 2061/1/458 2060/1/458
f 2065/1/62 2064/1/62 2063/1/62
f 2068/1/459 2067/1/459 2066/1/459
f 2071/1/460 2070/1/460 2069/1/460
f 2074/1/461 2073/1/461 2072/1/461
f 2077/1/462 2076/1/462 2075/1/462
f 2080/1/463 2079/1/463 2078/1/463
f 2083/2/464 2082/2/464 2081/2/464
f 2086/2/465 2085/2/465 2084/2/465
f 2089/1/45 2088/1/45 2087/1/45
f 2092/1/54 2091/1/54 2090/1/54
f 2095/5/54 2094/5/54 2093/5/54
f 2098/2/466 2097/2/466 2096/2/466
f 2101/1/467 2100/1/467 2099/1/467
f 2104/1/468 2103/1/468 2102/1/468
f 2107/1/469 2106/1/469 2105/1/469
f 2110/1/470 2109/1/470 2108/1/470
f 2113/5/471 2112/5/471 2111/5/471
f 2116/2/472 2115/2/472 2114/2/472
f 2119/2/473 2118/2/473 2117/2/473
f 2122/1/474 2121/1/474 2120/1/474
f 2125/2/475 2124/2/475 2123/2/475
f 2128/2/4 2127/2/4 2126/2/4
f 2131/1/55 2130/1/55 2129/1/55
f 2134/1/55 2133/1/55 2132/1/55
f 2137/2/476 2136/2/476 2135/2/476
f 2140/2/477 2139/2/477 2138/2/477
f 2143/1/478 2142/1/478 2141/1/478
f 2146/1/479 2145/1/479 2144/1/479
f 2149/1/480 2148/1/480 2147/1/480
f 2152/1/481 2151/1/481 2150/1/481
f 2155/2/482 2154/2/482 2153/2/482
f 2158/2/483 2157/2/483 2156/2/483
f 2161/1/483 2160/1/483 2159/1/483
f 2164/2/484 2163/2/484 2162/2/484
f 2167/2/3 2166/2/3 2165/2/3
f 2170/1/485 2169/1/485 2168/1/485
s 1
f 2173/1/3 2172/1/3 2171/1/3
s 0
f 2176/1/486 2175/1/486 2174/1/486
f 2179/1/487 2178/1/487 2177/1/487
f 2182/1/488 2181/1/488 2180/1/488
f 2185/1/489 2184/1/489 2183/1/489
f 2188/1/490 2187/1/490 2186/1/490
f 2191/1/491 2190/1/491 2189/1/491
f 2194/1/488 2193/1/488 2192/1/488
f 2197/1/492 2196/1/492 2195/1/492
f 2200/1/493 2199/1/493 2198/1/493
f 2203/1/494 2202/1/494 2201/1/494
f 2206/1/495 2205/1/495 2204/1/495
f 2209/1/496 2208/1/496 2207/1/496
f 2212/1/497 2211/1/497 2210/1/497
f 2215/1/498 2214/1/498 2213/1/498
f 2218/1/499 2217/1/499 2216/1/499
f 2221/1/500 2220/1/500 2219/1/500
f 2224/1/501 2223/1/501 2222/1/501
f 2227/1/502 2226/1/502 2225/1/502
f 2230/1/503 2229/1/503 2228/1/503
f 2233/1/504 2232/1/504 2231/1/504
f 2236/1/505 2235/1/505 2234/1/505
f 2239/1/506 2238/1/506 2237/1/506
f 2242/1/507 2241/1/507 2240/1/507
f 2245/1/508 2244/1/508 2243/1/508
f 2248/1/509 2247/1/509 2246/1/509
f 2251/1/510 2250/1/510 2249/1/510
f 2254/1/511 2253/1/511 2252/1/511
s 1
f 2257/1/512 2256/1/512 2255/1/512
s 0
f 2260/1/513 2259/1/513 2258/1/513
f 2263/1/514 2262/1/514 2261/1/514
f 2266/1/515 2265/1/515 2264/1/515
f 2269/6/513 2268/6/513 2267/6/513
f 2272/1/516 2271/1/516 2270/1/516
f 2275/1/517 2274/1/517 2273/1/517
f 2278/1/518 2277/1/518 2276/1/518
f 2281/1/519 2280/1/519 2279/1/519
f 2284/1/520 2283/1/520 2282/1/520
f 2287/1/521 2286/1/521 2285/1/521
f 2290/1/522 2289/1/522 2288/1/522
f 2293/1/467 2292/1/467 2291/1/467
f 2296/1/56 2295/1/56 2294/1/56
f 2299/1/523 2298/1/523 2297/1/523
f 2302/1/524 2301/1/524 2300/1/524
f 2305/1/525 2304/1/525 2303/1/525
f 2308/1/467 2307/1/467 2306/1/467
f 2311/1/526 2310/1/526 2309/1/526
f 2314/1/527 2313/1/527 2312/1/527
f 2317/1/528 2316/1/528 2315/1/528
f 2320/1/529 2319/1/529 2318/1/529
f 2323/1/530 2322/1/530 2321/1/530
f 2326/1/531 2325/1/531 2324/1/531
f 2329/1/532 2328/1/532 2327/1/532
f 2332/1/533 2331/1/533 2330/1/533
f 2335/1/534 2334/1/534 2333/1/534
f 2338/1/535 2337/1/535 2336/1/535
f 2341/1/536 2340/1/536 2339/1/536
s 1
f 2344/1/537 2343/1/537 2342/1/537
s 0
f 2347/1/538 2346/1/538 2345/1/538
f 2350/1/539 2349/1/539 2348/1/539
f 2353/1/540 2352/1/540 2351/1/540
f 2356/1/541 2355/1/541 2354/1/541
f 2359/1/542 2358/1/542 2357/1/542
f 2362/1/543 2361/1/543 2360/1/543
f 2365/1/544 2364/1/544 2363/1/544
f 2368/1/544 2367/1/544 2366/1/544
f 2371/1/545 2370/1/545 2369/1/545
f 2374/1/546 2373/1/546 2372/1/546
f 2377/1/544 2376/1/544 2375/1/544
f 2380/1/547 2379/1/547 2378/1/547
f 2383/1/544 2382/1/544 2381/1/544
f 2386/1/544 2385/1/544 2384/1/544
f 2389/6/544 2388/6/544 2387/6/544
f 2389/6/544 2387/6/544 2390/6/544
s 1
f 2393/6/544 2392/6/544 2391/6/544
s 0
f 2393/6/544 2394/6/544 2392/6/544
f 2397/6/544 2396/6/544 2395/6/544
f 2397/6/544 2398/6/544 2396/6/544
f 2401/1/548 2400/1/548 2399/1/548
f 2404/1/549 2403/1/549 2402/1/549
f 2407/1/550 2406/1/550 2405/1/550
f 2410/1/551 2409/1/551 2408/1/551
f 2413/1/552 2412/1/552 2411/1/552
f 2416/1/553 2415/1/553 2414/1/553
f 2419/1/554 2418/1/554 2417/1/554
f 2422/1/555 2421/1/555 2420/1/555
f 2425/5/556 2424/5/556 2423/5/556
f 2428/1/557 2427/1/557 2426/1/557
f 2431/1/558 2430/1/558 2429/1/558
f 2434/5/559 2433/5/559 2432/5/559
f 2437/1/560 2436/1/560 2435/1/560
f 2440/1/561 2439/1/561 2438/1/561
f 2443/1/2 2442/1/2 2441/1/2
f 2446/1/562 2445/1/562 2444/1/562
f 2449/1/563 2448/1/563 2447/1/563
f 2452/1/564 2451/1/564 2450/1/564
f 2455/1/63 2454/1/63 2453/1/63
f 2458/5/565 2457/5/565 2456/5/565
f 2461/5/566 2460/5/566 2459/5/566
f 2464/1/1 2463/1/1 2462/1/1
f 2467/1/2 2466/1/2 2465/1/2
f 2470/1/3 2469/1/3 2468/1/3
f 2473/1/4 2472/1/4 2471/1/4
f 2476/1/567 2475/1/567 2474/1/567
f 2479/1/568 2478/1/568 2477/1/568
f 2482/1/6 2481/1/6 2480/1/6
f 2485/1/7 2484/1/7 2483/1/7
f 2488/2/569 2487/2/569 2486/2/569
f 2491/1/9 2490/1/9 2489/1/9
f 2494/2/418 2493/2/418 2492/2/418
f 2497/1/1 2496/1/1 2495/1/1
f 2500/1/11 2499/1/11 2498/1/11
f 2503/1/12 2502/1/12 2501/1/12
f 2506/1/13 2505/1/13 2504/1/13
f 2509/1/570 2508/1/570 2507/1/570
f 2512/1/15 2511/1/15 2510/1/15
f 2515/1/571 2514/1/571 2513/1/571
f 2518/1/17 2517/1/17 2516/1/17
f 2521/1/572 2520/1/572 2519/1/572
f 2524/1/64 2523/1/64 2522/1/64
f 2527/1/573 2526/1/573 2525/1/573
f 2530/1/17 2529/1/17 2528/1/17
f 2533/1/574 2532/1/574 2531/1/574
f 2536/1/575 2535/1/575 2534/1/575
f 2539/1/17 2538/1/17 2537/1/17
f 2542/1/17 2541/1/17 2540/1/17
f 2545/1/576 2544/1/576 2543/1/576
f 2548/1/17 2547/1/17 2546/1/17
f 2551/1/577 2550/1/577 2549/1/577
f 2554/1/578 2553/1/578 2552/1/578
f 2557/1/17 2556/1/17 2555/1/17
f 2560/1/579 2559/1/579 2558/1/579
f 2563/1/580 2562/1/580 2561/1/580
f 2566/1/27 2565/1/27 2564/1/27
f 2569/1/581 2568/1/581 2567/1/581
f 2572/1/582 2571/1/582 2570/1/582
f 2575/1/27 2574/1/27 2573/1/27
f 2578/1/583 2577/1/583 2576/1/583
f 2581/1/27 2580/1/27 2579/1/27
f 2584/1/27 2583/1/27 2582/1/27
f 2587/1/584 2586/1/584 2585/1/584
f 2590/1/6 2589/1/6 2588/1/6
f 2593/1/6 2592/1/6 2591/1/6
f 2596/1/585 2595/1/585 2594/1/585
f 2599/1/586 2598/1/586 2597/1/586
f 2602/1/587 2601/1/587 2600/1/587
f 2605/1/588 2604/1/588 2603/1/588
f 2608/1/589 2607/1/589 2606/1/589
f 2611/1/27 2610/1/27 2609/1/27
f 2614/1/590 2613/1/590 2612/1/590
f 2617/1/591 2616/1/591 2615/1/591
f 2620/1/43 2619/1/43 2618/1/43
f 2623/1/44 2622/1/44 2621/1/44
f 2626/1/12 2625/1/12 2624/1/12
f 2629/1/592 2628/1/592 2627/1/592
f 2632/1/46 2631/1/46 2630/1/46
f 2635/1/14 2634/1/14 2633/1/14
f 2638/1/593 2637/1/593 2636/1/593
f 2641/1/48 2640/1/48 2639/1/48
f 2644/1/49 2643/1/49 2642/1/49
f 2647/1/436 2646/1/436 2645/1/436
f 2650/1/51 2649/1/51 2648/1/51
f 2653/1/52 2652/1/52 2651/1/52
f 2656/1/53 2655/1/53 2654/1/53
f 2659/1/11 2658/1/11 2657/1/11
f 2662/1/54 2661/1/54 2660/1/54
f 2665/1/13 2664/1/13 2663/1/13
f 2668/1/55 2667/1/55 2666/1/55
f 2671/1/15 2670/1/15 2669/1/15
f 2674/1/56 2673/1/56 2672/1/56
f 2677/1/4 2676/1/4 2675/1/4
f 2680/1/57 2679/1/57 2678/1/57
f 2683/1/594 2682/1/594 2681/1/594
f 2686/1/59 2685/1/59 2684/1/59
f 2689/1/27 2688/1/27 2687/1/27
f 2692/1/60 2691/1/60 2690/1/60
f 2695/1/7 2694/1/7 2693/1/7
f 2698/1/61 2697/1/61 2696/1/61
f 2701/1/62 2700/1/62 2699/1/62
f 2704/1/9 2703/1/9 2702/1/9
f 2707/1/63 2706/1/63 2705/1/63
f 2710/1/43 2709/1/43 2708/1/43
f 2713/1/43 2712/1/43 2711/1/43
f 2716/1/358 2715/1/358 2714/1/358
f 2719/1/595 2718/1/595 2717/1/595
f 2722/1/596 2721/1/596 2720/1/596
f 2725/1/597 2724/1/597 2723/1/597
f 2728/1/598 2727/1/598 2726/1/598
s 1
f 2731/1/599 2730/1/599 2729/1/599
s 0
f 2734/2/600 2733/2/600 2732/2/600
f 2737/1/601 2736/1/601 2735/1/601
f 2740/2/364 2739/2/364 2738/2/364
f 2743/2/602 2742/2/602 2741/2/602
f 2746/1/365 2745/1/365 2744/1/365
f 2749/1/53 2748/1/53 2747/1/53
f 2752/5/53 2751/5/53 2750/5/53
f 2755/5/603 2754/5/603 2753/5/603
f 2758/1/53 2757/1/53 2756/1/53
f 2761/2/53 2760/2/53 2759/2/53
f 2764/2/604 2763/2/604 2762/2/604
f 2767/1/605 2766/1/605 2765/1/605
f 2770/5/606 2769/5/606 2768/5/606
f 2773/1/607 2772/1/607 2771/1/607
f 2776/1/608 2775/1/608 2774/1/608
f 2779/1/609 2778/1/609 2777/1/609
f 2782/2/610 2781/2/610 2780/2/610
f 2785/2/15 2784/2/15 2783/2/15
f 2788/1/63 2787/1/63 2786/1/63
f 2791/1/63 2790/1/63 2789/1/63
f 2794/1/611 2793/1/611 2792/1/611
f 2797/5/63 2796/5/63 2795/5/63
f 2800/1/375 2799/1/375 2798/1/375
f 2803/1/375 2802/1/375 2801/1/375
f 2806/1/612 2805/1/612 2804/1/612
f 2809/1/613 2808/1/613 2807/1/613
f 2812/1/614 2811/1/614 2810/1/614
f 2815/2/598 2814/2/598 2813/2/598
f 2818/2/615 2817/2/615 2816/2/615
f 2821/1/616 2820/1/616 2819/1/616
s 1
f 2824/1/617 2823/1/617 2822/1/617
s 0
f 2827/1/382 2826/1/382 2825/1/382
f 2830/1/382 2829/1/382 2828/1/382
s 1
f 2833/1/51 2832/1/51 2831/1/51
s 0
f 2836/5/51 2835/5/51 2834/5/51
f 2839/5/618 2838/5/618 2837/5/618
f 2842/1/383 2841/1/383 2840/1/383
f 2845/2/385 2844/2/385 2843/2/385
f 2848/2/619 2847/2/619 2846/2/619
f 2851/2/620 2850/2/620 2849/2/620
f 2854/1/621 2853/1/621 2852/1/621
f 2857/1/11 2856/1/11 2855/1/11
f 2860/5/622 2859/5/622 2858/5/622
f 2863/5/11 2862/5/11 2861/5/11
f 2866/5/11 2865/5/11 2864/5/11
f 2869/1/13 2868/1/13 2867/1/13
f 2872/1/61 2871/1/61 2870/1/61
f 2875/1/61 2874/1/61 2873/1/61
f 2878/5/623 2877/5/623 2876/5/623
f 2881/5/61 2880/5/61 2879/5/61
f 2884/1/61 2883/1/61 2882/1/61
f 2887/1/624 2886/1/624 2885/1/624
f 2890/1/625 2889/1/625 2888/1/625
f 2893/2/626 2892/2/626 2891/2/626
f 2896/2/627 2895/2/627 2894/2/627
f 2899/1/395 2898/1/395 2897/1/395
f 2902/1/628 2901/1/628 2900/1/628
f 2905/1/12 2904/1/12 2903/1/12
f 2908/1/12 2907/1/12 2906/1/12
f 2911/1/48 2910/1/48 2909/1/48
f 2914/1/48 2913/1/48 2912/1/48
f 2917/1/48 2916/1/48 2915/1/48
f 2920/1/629 2919/1/629 2918/1/629
f 2923/2/48 2922/2/48 2921/2/48
f 2926/2/630 2925/2/630 2924/2/630
f 2929/1/631 2928/1/631 2927/1/631
f 2932/1/400 2931/1/400 2930/1/400
s 1
f 2935/1/400 2934/1/400 2933/1/400
s 0
f 2938/1/632 2937/1/632 2936/1/632
f 2941/1/633 2940/1/633 2939/1/633
f 2944/1/403 2943/1/403 2942/1/403
f 2947/1/13 2946/1/13 2945/1/13
f 2950/5/634 2949/5/634 2948/5/634
f 2953/1/11 2952/1/11 2951/1/11
f 2956/1/60 2955/1/60 2954/1/60
f 2959/2/60 2958/2/60 2957/2/60
f 2962/1/635 2961/1/635 2960/1/635
f 2965/1/60 2964/1/60 2963/1/60
f 2968/1/60 2967/1/60 2966/1/60
f 2971/1/636 2970/1/636 2969/1/636
f 2974/1/637 2973/1/637 2972/1/637
f 2977/1/638 2976/1/638 2975/1/638
f 2980/1/639 2979/1/639 2978/1/639
f 2983/1/1 2982/1/1 2981/1/1
f 2986/1/9 2985/1/9 2984/1/9
f 2989/1/9 2988/1/9 2987/1/9
f 2992/1/1 2991/1/1 2990/1/1
f 2995/1/46 2994/1/46 2993/1/46
f 2998/2/46 2997/2/46 2996/2/46
f 3001/2/46 3000/2/46 2999/2/46
f 3004/1/640 3003/1/640 3002/1/640
f 3007/1/46 3006/1/46 3005/1/46
f 3010/1/641 3009/1/641 3008/1/641
f 3013/5/642 3012/5/642 3011/5/642
f 3016/5/643 3015/5/643 3014/5/643
f 3019/1/644 3018/1/644 3017/1/644
f 3022/2/416 3021/2/416 3020/2/416
f 3025/1/645 3024/1/645 3023/1/645
f 3028/1/52 3027/1/52 3026/1/52
f 3031/2/418 3030/2/418 3029/2/418
f 3034/2/59 3033/2/59 3032/2/59
f 3037/2/59 3036/2/59 3035/2/59
f 3040/1/646 3039/1/646 3038/1/646
f 3043/1/420 3042/1/420 3041/1/420
f 3046/1/420 3045/1/420 3044/1/420
f 3049/1/647 3048/1/647 3047/1/647
f 3052/5/648 3051/5/648 3050/5/648
f 3055/5/649 3054/5/649 3053/5/649
f 3058/1/650 3057/1/650 3056/1/650
f 3061/1/651 3060/1/651 3059/1/651
f 3064/1/652 3063/1/652 3062/1/652
f 3067/1/425 3066/1/425 3065/1/425
f 3070/1/653 3069/1/653 3068/1/653
f 3073/1/654 3072/1/654 3071/1/654
f 3076/1/1 3075/1/1 3074/1/1
f 3079/1/1 3078/1/1 3077/1/1
f 3082/1/9 3081/1/9 3080/1/9
f 3085/1/44 3084/1/44 3083/1/44
f 3088/2/44 3087/2/44 3086/2/44
f 3091/2/44 3090/2/44 3089/2/44
f 3094/1/655 3093/1/655 3092/1/655
f 3097/5/656 3096/5/656 3095/5/656
s 1
f 3100/5/657 3099/5/657 3098/5/657
s 0
f 3103/5/658 3102/5/658 3101/5/658
f 3106/1/659 3105/1/659 3104/1/659
f 3109/2/660 3108/2/660 3107/2/660
f 3112/2/661 3111/2/661 3110/2/661
f 3115/1/436 3114/1/436 3113/1/436
f 3118/1/662 3117/1/662 3116/1/662
f 3121/2/436 3120/2/436 3119/2/436
f 3124/2/57 3123/2/57 3122/2/57
s 1
f 3127/2/57 3126/2/57 3125/2/57
f 3130/1/663 3129/1/663 3128/1/663
s 0
f 3133/1/57 3132/1/57 3131/1/57
f 3136/1/57 3135/1/57 3134/1/57
f 3139/1/664 3138/1/664 3137/1/664
f 3142/5/665 3141/5/665 3140/5/665
f 3145/1/666 3144/1/666 3143/1/666
f 3148/1/667 3147/1/667 3146/1/667
f 3151/5/7 3150/5/7 3149/5/7
f 3154/5/7 3153/5/7 3152/5/7
f 3157/1/7 3156/1/7 3155/1/7
f 3160/1/7 3159/1/7 3158/1/7
f 3163/1/2 3162/1/2 3161/1/2
f 3166/2/2 3165/2/2 3164/2/2
f 3169/2/2 3168/2/2 3167/2/2
f 3172/1/668 3171/1/668 3170/1/668
f 3175/1/669 3174/1/669 3173/1/669
f 3178/1/669 3177/1/669 3176/1/669
f 3181/5/670 3180/5/670 3179/5/670
f 3184/5/671 3183/5/671 3182/5/671
f 3187/5/672 3186/5/672 3185/5/672
f 3190/5/673 3189/5/673 3188/5/673
f 3193/1/674 3192/1/674 3191/1/674
f 3196/1/675 3195/1/675 3194/1/675
f 3199/1/676 3198/1/676 3197/1/676
f 3202/1/677 3201/1/677 3200/1/677
f 3205/1/451 3204/1/451 3203/1/451
f 3208/1/56 3207/1/56 3206/1/56
f 3211/1/56 3210/1/56 3209/1/56
f 3214/1/678 3213/1/678 3212/1/678
f 3217/1/56 3216/1/56 3215/1/56
f 3220/1/679 3219/1/679 3218/1/679
f 3223/1/680 3222/1/680 3221/1/680
f 3226/5/681 3225/5/681 3224/5/681
f 3229/1/682 3228/1/682 3227/1/682
f 3232/1/683 3231/1/683 3230/1/683
f 3235/5/6 3234/5/6 3233/5/6
f 3238/5/6 3237/5/6 3236/5/6
f 3241/1/6 3240/1/6 3239/1/6
f 3244/1/6 3243/1/6 3242/1/6
f 3247/1/62 3246/1/62 3245/1/62
f 3250/1/62 3249/1/62 3248/1/62
f 3253/1/62 3252/1/62 3251/1/62
f 3256/1/684 3255/1/684 3254/1/684
f 3259/1/62 3258/1/62 3257/1/62
f 3262/1/685 3261/1/685 3260/1/685
f 3265/1/460 3264/1/460 3263/1/460
f 3268/1/686 3267/1/686 3266/1/686
f 3271/1/687 3270/1/687 3269/1/687
f 3274/1/688 3273/1/688 3272/1/688
f 3277/2/464 3276/2/464 3275/2/464
f 3280/1/689 3279/1/689 3278/1/689
f 3283/1/45 3282/1/45 3281/1/45
f 3286/1/54 3285/1/54 3284/1/54
f 3289/1/54 3288/1/54 3287/1/54
f 3292/2/690 3291/2/690 3290/2/690
f 3295/2/467 3294/2/467 3293/2/467
f 3298/1/691 3297/1/691 3296/1/691
f 3301/1/692 3300/1/692 3299/1/692
f 3304/1/693 3303/1/693 3302/1/693
f 3307/5/694 3306/5/694 3305/5/694
f 3310/2/695 3309/2/695 3308/2/695
f 3313/2/473 3312/2/473 3311/2/473
f 3316/1/4 3315/1/4 3314/1/4
f 3319/2/696 3318/2/696 3317/2/696
f 3322/2/4 3321/2/4 3320/2/4
f 3325/1/55 3324/1/55 3323/1/55
f 3328/1/55 3327/1/55 3326/1/55
f 3331/2/697 3330/2/697 3329/2/697
f 3334/1/477 3333/1/477 3332/1/477
f 3337/1/698 3336/1/698 3335/1/698
f 3340/1/699 3339/1/699 3338/1/699
f 3343/1/480 3342/1/480 3341/1/480
f 3346/2/481 3345/2/481 3344/2/481
f 3349/2/700 3348/2/700 3347/2/700
f 3352/2/483 3351/2/483 3350/2/483
f 3355/1/483 3354/1/483 3353/1/483
f 3358/2/3 3357/2/3 3356/2/3
f 3361/2/3 3360/2/3 3359/2/3
f 3364/1/701 3363/1/701 3362/1/701
f 3367/1/3 3366/1/3 3365/1/3
f 3370/1/3 3369/1/3 3368/1/3
f 3373/1/702 3372/1/702 3371/1/702
f 3376/1/703 3375/1/703 3374/1/703
f 3379/1/488 3378/1/488 3377/1/488
f 3382/1/704 3381/1/704 3380/1/704
f 3385/1/705 3384/1/705 3383/1/705
f 3388/1/706 3387/1/706 3386/1/706
f 3391/1/707 3390/1/707 3389/1/707
f 3394/1/708 3393/1/708 3392/1/708
f 3397/1/709 3396/1/709 3395/1/709
s 1
f 3400/1/710 3399/1/710 3398/1/710
s 0
f 3403/1/711 3402/1/711 3401/1/711
f 3406/1/712 3405/1/712 3404/1/712
f 3409/1/713 3408/1/713 3407/1/713
f 3412/1/714 3411/1/714 3410/1/714
f 3415/1/715 3414/1/715 3413/1/715
f 3418/1/716 3417/1/716 3416/1/716
f 3421/1/717 3420/1/717 3419/1/717
f 3424/1/502 3423/1/502 3422/1/502
f 3427/1/718 3426/1/718 3425/1/718
f 3430/1/719 3429/1/719 3428/1/719
f 3433/1/720 3432/1/720 3431/1/720
f 3436/1/721 3435/1/721 3434/1/721
f 3439/1/722 3438/1/722 3437/1/722
f 3442/1/723 3441/1/723 3440/1/723
f 3445/1/724 3444/1/724 3443/1/724
f 3448/1/725 3447/1/725 3446/1/725
f 3451/1/511 3450/1/511 3449/1/511
f 3454/1/726 3453/1/726 3452/1/726
f 3457/1/513 3456/1/513 3455/1/513
f 3460/1/727 3459/1/727 3458/1/727
f 3463/1/728 3462/1/728 3461/1/728
f 3466/6/513 3465/6/513 3464/6/513
f 3469/6/513 3468/6/513 3467/6/513
f 3472/6/513 3471/6/513 3470/6/513
f 3475/6/511 3474/6/511 3473/6/511
f 3478/6/511 3477/6/511 3476/6/511
f 3481/1/729 3480/1/729 3479/1/729
f 3484/1/730 3483/1/730 3482/1/730
f 3487/1/518 3486/1/518 3485/1/518
f 3490/1/519 3489/1/519 3488/1/519
f 3493/1/731 3492/1/731 3491/1/731
f 3496/1/732 3495/1/732 3494/1/732
f 3499/1/733 3498/1/733 3497/1/733
f 3502/1/467 3501/1/467 3500/1/467
f 3505/1/56 3504/1/56 3503/1/56
f 3508/1/734 3507/1/734 3506/1/734
f 3511/1/56 3510/1/56 3509/1/56
f 3514/1/735 3513/1/735 3512/1/735
f 3517/1/736 3516/1/736 3515/1/736
f 3520/1/737 3519/1/737 3518/1/737
f 3523/1/738 3522/1/738 3521/1/738
f 3526/1/739 3525/1/739 3524/1/739
f 3529/1/740 3528/1/740 3527/1/740
f 3532/1/741 3531/1/741 3530/1/741
f 3535/1/742 3534/1/742 3533/1/742
f 3538/1/743 3537/1/743 3536/1/743
f 3541/1/744 3540/1/744 3539/1/744
f 3544/1/745 3543/1/745 3542/1/745
f 3547/1/746 3546/1/746 3545/1/746
f 3550/1/747 3549/1/747 3548/1/747
f 3553/1/537 3552/1/537 3551/1/537
f 3556/1/538 3555/1/538 3554/1/538
f 3559/1/748 3558/1/748 3557/1/748
f 3562/1/749 3561/1/749 3560/1/749
f 3565/1/750 3564/1/750 3563/1/750
f 3568/1/751 3567/1/751 3566/1/751
f 3571/1/752 3570/1/752 3569/1/752
f 3574/1/544 3573/1/544 3572/1/544
f 3577/1/544 3576/1/544 3575/1/544
f 3580/1/753 3579/1/753 3578/1/753
f 3583/1/754 3582/1/754 3581/1/754
f 3586/1/544 3585/1/544 3584/1/544
f 3589/1/755 3588/1/755 3587/1/755
f 3592/1/544 3591/1/544 3590/1/544
f 3595/1/544 3594/1/544 3593/1/544
f 3598/1/548 3597/1/548 3596/1/548
f 3601/1/549 3600/1/549 3599/1/549
s 1
f 3604/1/550 3603/1/550 3602/1/550
s 0
f 3607/1/551 3606/1/551 3605/1/551
f 3610/1/552 3609/1/552 3608/1/552
f 3613/1/756 3612/1/756 3611/1/756
f 3616/1/757 3615/1/757 3614/1/757
f 3619/1/758 3618/1/758 3617/1/758
f 3622/1/759 3621/1/759 3620/1/759
f 3625/5/760 3624/5/760 3623/5/760
f 3628/1/761 3627/1/761 3626/1/761
f 3631/1/762 3630/1/762 3629/1/762
f 3634/1/2 3633/1/2 3632/1/2
f 3637/1/2 3636/1/2 3635/1/2
f 3640/1/763 3639/1/763 3638/1/763
f 3643/1/63 3642/1/63 3641/1/63
f 3646/1/63 3645/1/63 3644/1/63
f 3649/5/764 3648/5/764 3647/5/764
f 3652/5/765 3651/5/765 3650/5/765
